Group SMH GLOBAL OP SUMMARY,Group SMH_OP_ASC_OBS_LAB,Department Code & Name,CFY CASES,PFY CASES,CFY UNITS,PFY UNITS, CFY TOTAL CHARGES ,PFY TOTAL CHARGES, CFY NET REVENUE ,PFY NET REVENUE,CFY DIRECT COST,PFY DIRECT COST,CFY DIRECT MARGIN,PFY DIRECT MARGIN,CFY PROGRAM COST,PFY PROGRAM COST,CFY INDIRECT/ OH COST,PFY INDIRECT/ OH COST,CFY NET MARGIN,PFY NET MARGIN
001 Medicine,OUTPATIENT,4310 SMH ENDO CENTER at SAWGRASS,8266,8802,40971,17826,17482836,15076612,6652450,6452613,3364171,2904645,3288280,3547968,174853,136732,685196,532002,2428231,2879234
001 Medicine,OUTPATIENT,4500 SMH ENDOSCOPY,7132,7315,76287,20211,24972612,19794236,8492071,7621276,7065544,5120292,1426527,2500984,193771,166129,1741360,1386265,-508603,948591
001 Medicine,OUTPATIENT,4550 SMH PARKES ASTHMA CENTER,5004,5083,21833,17086,3326604,3328752,1110564,1108709,1338258,1130376,-227694,-21667,36815,33108,191844,184034,-456353,-238809
001 Medicine,OUTPATIENT,4560 SMH PULMONARY DISEASE UNIT - SMH,5507,5609,15283,15294,8349674,7440942,2398373,2496587,1927288,1531759,471084,964828,69598,67592,500808,489248,-99321,407989
001 Medicine,OUTPATIENT,4740 SMH KIDNEY TRANSPLANT,4,0,4,,8828,,1909,,0,,1909,,0,,0,,1909,
001 Medicine,OUTPATIENT,5500 SMH AIDS CENTER,3944,4246,17777,12058,2956129,3460973,690505,1005093,1173242,1434106,-482737,-429013,33914,43540,708862,873123,-1225513,-1345675
001 Medicine,OUTPATIENT,6500 SMH AIR INFUSION CENTER,5051,4214,592859,457161,55100767,47243502,23738000,22255759,12146113,10577205,11591887,11678554,563464,534274,2730595,2477255,8297828,8667025
001 Medicine,OUTPATIENT,6501 SMH AIR RED CREEK,3171,3067,13988,16959,1409114,1459258,537810,616609,830826,914667,-293016,-298059,12700,4223,106156,117517,-411871,-419799
001 Medicine,OUTPATIENT,6650 SMH ENDOCRINE MNT,1385,1063,2276,2205,402871,276995,152040,105188,172765,698123,-20726,-592935,675,3782,21844,99665,-43245,-696382
001 Medicine,OUTPATIENT,6720 SMH OPD-MEDICINE,12059,17046,30513,43427,3136735,4630376,1092217,1674331,1948938,2951523,-856721,-1277192,531745,1257578,928456,2079025,-2316922,-4613795
001 Medicine,ASC,4500 SMH ENDOSCOPY,473,851,1038,1664,1463871,2589956,592828,1112167,387471,676278,205357,435888,11181,21942,100479,183095,93697,230851
001 Medicine,ASC,4560 SMH PULMONARY DISEASE UNIT - SMH,2,2,2,5,602,5897,377,2166,144,1210,233,957,5,53,37,386,190,517
001 Medicine,ASC,6650 SMH ENDOCRINE MNT,1,0,1,,198,,93,,91,,2,,0,,12,,-10,
001 Medicine,ASC,6720 SMH OPD-MEDICINE,1,2,2,4,223,555,47,138,141,354,-94,-216,38,151,67,249,-199,-616
001 Medicine,OBS,4310 SMH ENDO CENTER at SAWGRASS,1,0,19,,3368,,1010,,890,,120,,35,,138,,-53,
001 Medicine,OBS,4500 SMH ENDOSCOPY,173,149,2497,414,648713,484987,205296,144574,208020,126630,-2724,17943,4869,4109,43753,34284,-51346,-20449
001 Medicine,OBS,4560 SMH PULMONARY DISEASE UNIT - SMH,9,9,50,74,56790,65606,13730,28377,13245,13459,485,14918,478,594,3442,4299,-3436,10025
001 Medicine,OBS,5500 SMH AIDS CENTER,0,1,,2,,633,,82,,262,,-180,,8,,160,,-348
001 Medicine,OBS,6720 SMH OPD-MEDICINE,9,7,13,13,1632,2036,421,518,1028,1299,-607,-781,280,554,490,915,-1376,-2250
002 Cardio-Vascular Services,OUTPATIENT,4590 SMH VAD MAINT SUPPLIES,133,120,672,767,1646689,2074530,871996,1052704,761295,954114,110701,98590,31160,20855,162821,180968,-83280,-103234
002 Cardio-Vascular Services,OUTPATIENT,4600 SMH SMH ECHOCARDIOLOGY,3422,3379,15768,8070,7347635,6905131,2456363,2707518,1073378,1033666,1382985,1673852,37477,44326,408925,405205,936583,1224321
002 Cardio-Vascular Services,OUTPATIENT,4610 SMH CLINTON CROSSINGS ECHOCARDIOLOGY,4387,4580,14813,11804,8278418,9067194,3015749,3604626,1393725,1516214,1622025,2088412,136849,153984,312211,315355,1172965,1619072
002 Cardio-Vascular Services,OUTPATIENT,4620 SMH CARDIAC REHAB,1911,2161,9410,9482,2121354,1997730,910522,874383,1088211,965971,-177689,-91588,34039,31852,281292,253426,-493020,-376865
002 Cardio-Vascular Services,OUTPATIENT,4630 SMH ROCHESTER CARDPULM GROUP (RCPG),17129,16660,33632,31809,17714898,16615435,6057664,5838957,4288360,4128908,1769304,1710049,263362,156519,1042467,1293137,463476,260393
002 Cardio-Vascular Services,OUTPATIENT,4640 SMH NUCLEAR CARDIOLOGY,893,926,6238,10443,3391716,3545641,910270,1124830,784290,849893,125980,274937,41680,47472,376421,473815,-292120,-246350
002 Cardio-Vascular Services,OUTPATIENT,4650 SMH NUCLEAR CARDLGY - CLINCRSS,500,0,500,,289500,,90731,,10095,,80637,,247,,13559,,66830,
002 Cardio-Vascular Services,OUTPATIENT,4670 SMH VASCULAR SURGERY CANAL VIEW,8533,3564,10306,4299,6201115,2750371,2309255,1070606,1521674,510020,787581,560586,43814,2,417525,165121,326243,395463
002 Cardio-Vascular Services,OUTPATIENT,4680 SMH HEART STATION,23055,21185,26056,23692,4289198,3808251,1229596,1230201,303888,318205,925708,911996,36691,40864,152872,153656,736145,717477
002 Cardio-Vascular Services,OUTPATIENT,4690 SMH LAKESIDE CARDIOLOGY,898,859,2157,1764,1497221,1460090,496350,591693,318436,349853,177914,241839,23358,20135,296701,90814,-142146,130891
002 Cardio-Vascular Services,OUTPATIENT,4940 SMH URCC - COAGULATION,806,827,820,901,22985,15837,5281,6778,147254,131201,-141972,-124423,316,357,118669,36587,-260957,-161367
002 Cardio-Vascular Services,ASC,4570 SMH CATH/EP PRE-POST CARE,4140,4024,12489,5573,4570737,4370508,1837142,1798295,1439257,1265195,397885,533100,159503,141440,321643,294078,-83261,97582
002 Cardio-Vascular Services,ASC,4580 SMH CARDIAC CATH,3553,3410,324622,304362,43092430,43786085,16338584,17160949,6617325,8491075,9721259,8669875,368527,327130,3300181,2832268,6052551,5510477
002 Cardio-Vascular Services,ASC,4590 SMH VAD MAINT SUPPLIES,2,0,28,,69788,,29379,,32202,,-2823,,1807,,9443,,-14073,
002 Cardio-Vascular Services,ASC,4600 SMH SMH ECHOCARDIOLOGY,272,189,933,531,542726,386407,201971,152816,77480,57843,124491,94973,2805,2480,30607,22675,91079,69818
002 Cardio-Vascular Services,ASC,4610 SMH CLINTON CROSSINGS ECHOCARDIOLOGY,23,4,94,13,48531,10675,19289,3963,8485,1785,10804,2178,807,181,1841,371,8156,1626
002 Cardio-Vascular Services,ASC,4630 SMH ROCHESTER CARDPULM GROUP (RCPG),21,0,94,,61378,,21921,,15413,,6507,,914,,3617,,1977,
002 Cardio-Vascular Services,ASC,4640 SMH NUCLEAR CARDIOLOGY,10,4,89,44,41005,17124,13100,5205,9715,4101,3385,1103,513,229,4632,2286,-1760,-1412
002 Cardio-Vascular Services,ASC,4650 SMH NUCLEAR CARDLGY - CLINCRSS,17,0,17,,9843,,3846,,343,,3502,,8,,461,,3033,
002 Cardio-Vascular Services,ASC,4670 SMH VASCULAR SURGERY CANAL VIEW,1,0,1,,665,,149,,164,,-15,,5,,45,,-64,
002 Cardio-Vascular Services,ASC,4680 SMH HEART STATION,2200,2116,3264,3124,487848,439649,184412,173414,32998,36711,151414,136703,3984,4714,16600,17727,130830,114261
002 Cardio-Vascular Services,ASC,4700 SMH ELECTROPHYSIOLOGY,1897,1759,36612,20456,60738493,59410432,26856132,26095444,17196225,16690396,9659907,9405049,706503,700616,2874005,2960045,6079399,5744388
002 Cardio-Vascular Services,OBS,4570 SMH CATH/EP PRE-POST CARE,50,5,197,6,61521,7510,28875,2926,23058,2184,5817,742,2554,244,5152,508,-1890,-10
002 Cardio-Vascular Services,OBS,4600 SMH SMH ECHOCARDIOLOGY,936,820,4064,2102,1956970,1692243,629357,555214,290012,253321,339345,301893,9903,10863,108056,99304,221386,191726
002 Cardio-Vascular Services,OBS,4610 SMH CLINTON CROSSINGS ECHOCARDIOLOGY,0,6,,22,,13115,,5659,,2193,,3466,,223,,456,,2788
002 Cardio-Vascular Services,OBS,4630 SMH ROCHESTER CARDPULM GROUP (RCPG),3,2,2,3,44,446,11,239,10,111,1,129,1,4,3,35,-2,90
002 Cardio-Vascular Services,OBS,4640 SMH NUCLEAR CARDIOLOGY,122,116,904,1737,517055,510516,153985,146136,118674,122908,35311,23228,6339,6865,57252,68521,-28280,-52159
002 Cardio-Vascular Services,OBS,4680 SMH HEART STATION,5084,4324,7326,5747,1115650,879071,379669,299735,78578,73544,301091,226191,9487,9444,39528,35513,252075,181234
002 Cardio-Vascular Services,OBS,4690 SMH LAKESIDE CARDIOLOGY,1,0,0,,0,,0,,0,,0,,0,,0,,0,
003a Surgery,OUTPATIENT,6740 SMH OPD-SURGERY,1181,1407,2468,3365,1664133,1752968,587713,663422,668764,757075,-81051,-93653,436236,426128,694997,669570,-1212284,-1189351
003a Surgery,OUTPATIENT,6750 SMH WOUND HEALING CENTER,5628,5711,16994,19542,5495271,5647221,1679032,2355009,1645828,1676946,33204,678063,132337,127610,268232,305285,-367365,245169
003a Surgery,OUTPATIENT,6751 SMH STRONG WEST MULTI-SPECIALITY SUITE,479,59,970,122,199360,29497,76690,9418,125218,17202,-48529,-7784,764,0,395107,14777,-444400,-22562
003a Surgery,OUTPATIENT,6780 SMH ESOPHAGEAL DIAGNOSTIC LAB,1348,1436,10529,4557,4647486,4380816,1519681,1735794,1063009,851788,456672,884006,112699,70258,451008,416056,-107035,397691
003a Surgery,ASC,6740 SMH OPD-SURGERY,0,1,,1,,525,,97,,225,,-128,,127,,199,,-454
003a Surgery,ASC,6751 SMH STRONG WEST MULTI-SPECIALITY SUITE,1,0,0,,0,,0,,0,,0,,0,,0,,0,
003a Surgery,ASC,6780 SMH ESOPHAGEAL DIAGNOSTIC LAB,3,2,8,3,17895,5090,4527,2722,4026,1014,501,1709,428,84,1712,495,-1640,1130
003a Surgery,OBS,6750 SMH WOUND HEALING CENTER,1,1,2,0,153,0,46,0,60,0,-14,0,4,0,9,0,-27,0
003a Surgery,OBS,6780 SMH ESOPHAGEAL DIAGNOSTIC LAB,10,5,44,11,40510,21185,11977,6194,9278,4150,2699,2044,985,342,3943,2027,-2229,-325
003b NeuroSurgery,OUTPATIENT,6770 SMH OPD NEUROSURGERY,120,246,120,247,29934,58959,10347,21853,25061,31272,-14714,-9419,6558,9950,4304,22142,-25577,-41511
003b NeuroSurgery,OUTPATIENT,6810 SMH NEUROSURG PAIN CLINIC,2786,2503,37397,28349,7852957,6338556,2552633,2499185,1301422,1126906,1251211,1372279,774720,931640,448457,443840,28033,-3201
003b NeuroSurgery,ASC,6810 SMH NEUROSURG PAIN CLINIC,11,9,68,71,15226,15031,4115,7253,2469,2672,1646,4581,1515,2209,877,1052,-746,1319
003b NeuroSurgery,OBS,6810 SMH NEUROSURG PAIN CLINIC,5,2,23,7,5259,1503,1126,789,875,267,251,522,537,221,311,105,-597,196
003c ENT,OUTPATIENT,6380 SMH SPEECH THERAPY (SMH-CW),4715,4427,17941,17743,3127219,2843876,898300,1008194,714828,584262,183472,423932,64995,84612,156539,138477,-38061,200843
003c ENT,OUTPATIENT,6390 SMH OFFSITE AUDIOLOGY,11979,13383,53854,54398,6139677,7041014,2301236,3233958,2295951,2400428,5285,833530,327711,433719,359956,427252,-682382,-27441
003c ENT,OUTPATIENT,6391 SMH AUDIOLOGY LATTIMORE,1176,0,2720,,602994,,217403,,74377,,143026,,1,,51127,,91899,
003c ENT,OUTPATIENT,6400 SMH OPD-AUDIOLOGY,300,309,582,866,204249,245818,63604,89838,35876,58678,27728,31159,1256,1860,14880,23049,11592,6251
003c ENT,OUTPATIENT,6440 SMH OPD-ENT,476,1282,401,3096,62379,593372,27625,294005,456963,467842,-429338,-173837,384643,415036,158625,184073,-972605,-772946
003c ENT,ASC,6380 SMH SPEECH THERAPY (SMH-CW),3,3,7,7,1506,1588,571,589,345,327,226,262,31,47,75,78,119,137
003c ENT,ASC,6400 SMH OPD-AUDIOLOGY,16,9,33,19,16551,9359,6026,3974,2982,2233,3044,1741,104,71,1237,877,1702,793
003c ENT,OBS,6380 SMH SPEECH THERAPY (SMH-CW),114,103,393,219,52683,37907,14783,10474,12061,7788,2722,2685,1097,1128,2641,1846,-1015,-288
003c ENT,OBS,6390 SMH OFFSITE AUDIOLOGY,0,1,,1,,0,,0,,0,,0,,0,,0,,0
003c ENT,OBS,6400 SMH OPD-AUDIOLOGY,3,0,11,,369,,47,,63,,-16,,2,,26,,-44,
003c ENT,OBS,6440 SMH OPD-ENT,1,0,0,,0,,0,,0,,0,,0,,0,,0,
004 OB/GYN,OUTPATIENT,6020 SMH OPD-OB/GYN,5373,7508,48763,79862,2036913,2844986,630117,806915,1205331,1578984,-575214,-772069,503257,637693,237363,376007,-1315834,-1785768
004 OB/GYN,OUTPATIENT,6040 SMH OPD-OB ULTRA,14338,12869,22599,21076,7139746,6339431,2361435,2433148,1709092,1738696,652343,694451,585323,594358,643418,604551,-576398,-504458
004 OB/GYN,ASC,6020 SMH OPD-OB/GYN,6,2,11,3,3083,491,736,354,1822,272,-1087,82,772,110,364,65,-2222,-92
004 OB/GYN,ASC,6040 SMH OPD-OB ULTRA,48,50,82,65,24120,18435,10081,7422,5922,5063,4160,2360,2028,1731,2229,1760,-98,-1131
004 OB/GYN,OBS,6020 SMH OPD-OB/GYN,6,7,12,13,1070,2100,233,496,708,1156,-476,-661,300,467,142,275,-917,-1403
004 OB/GYN,OBS,6040 SMH OPD-OB ULTRA,215,164,355,319,115493,91974,35961,31550,27710,25254,8251,6296,9490,8633,10432,8781,-11671,-11117
005 Pediatrics,OUTPATIENT,1972 SMH NS CH 7S,1,0,1,,1545,,639,,651,,-12,,120,,448,,-579,
005 Pediatrics,OUTPATIENT,4321 SMH PEDIATRIC SURGICAL SUITE,1,0,0,,0,,0,,0,,0,,0,,0,,0,
005 Pediatrics,OUTPATIENT,4800 SMH PED PULMONARY UNIT,1908,1617,3775,3354,1568105,1358955,485705,516165,201731,186286,283974,329879,35884,25801,90027,68435,158064,235643
005 Pediatrics,OUTPATIENT,4801 SMH PEDIATRIC CATH EP LAB,1,0,4,,428,,0,,112,,-112,,0,,15,,-128,
005 Pediatrics,OUTPATIENT,4810 SMH PEDS PULMONARY,140,110,139,109,31318,23385,12480,10019,24200,14528,-11721,-4510,521,1,2838,1821,-15079,-6331
005 Pediatrics,OUTPATIENT,4811 SMH PEDS ENDO,714,658,1114,1012,76105,72447,28754,30604,41745,38904,-12991,-8300,1445,1,4998,4687,-19434,-12988
005 Pediatrics,OUTPATIENT,4812 SMH PEDS RHEUMATOLOGY,14,25,14,24,3414,5832,1212,2534,2373,3657,-1162,-1123,66,0,299,441,-1527,-1564
005 Pediatrics,OUTPATIENT,4813 SMH PEDS GASTROINTESTINAL,110,0,110,,32076,,15005,,23172,,-8167,,1,,2360,,-10528,
005 Pediatrics,OUTPATIENT,4820 SMH PED TRT CTR/SPEC,8542,8950,98636,28706,17835708,8259504,7085984,3339224,5019534,2019910,2066450,1319314,247533,214464,323405,-127694,1495512,1232544
005 Pediatrics,OUTPATIENT,4840 SMH AIDS CTR PED,38,87,64,166,9728,21980,2721,5357,7931,-2712,-5210,8069,463,575,1494,1007,-7167,6486
005 Pediatrics,OUTPATIENT,4860 SMH PEDS ECHOCARDIOLOGY,3780,3638,24798,28858,6838181,6543340,2393768,2497914,917190,857353,1476579,1640561,123665,99999,374565,358732,978349,1181830
005 Pediatrics,OUTPATIENT,4880 SMH ADULTS W/ SPECIAL HEALTHCARE NEEDS (ASHCN),1531,1188,4822,3437,336977,307642,116365,138714,391949,344599,-275585,-205886,2657,439,60860,59370,-339101,-265695
005 Pediatrics,OUTPATIENT,6210 SMH PEDS SLEEP CENTER,4856,4589,7877,9033,7547992,7145023,2117863,2483057,2116761,1957185,1101,525873,204564,185702,618243,597618,-821705,-257447
005 Pediatrics,OUTPATIENT,6220 SMH OPD-PEDS,1936,1677,7426,5173,748379,406208,282331,251123,368156,196261,-85825,54862,162501,89041,300872,177569,-549197,-211748
005 Pediatrics,OUTPATIENT,6230 SMH PEDS CRANIALFACIAL CLINIC,409,214,409,218,76194,36351,26930,17354,134967,68531,-108037,-51178,1760,825,20473,10303,-130270,-62306
005 Pediatrics,ASC,1971 SMH NS CH 7N,41,77,138,91,51258,124580,21413,47101,25206,63797,-3793,-16696,3147,6949,15910,46616,-22850,-70261
005 Pediatrics,ASC,1972 SMH NS CH 7S,81,97,325,107,115125,141820,39584,59689,47747,60462,-8163,-773,8808,8840,32809,46969,-49779,-56582
005 Pediatrics,ASC,1981 SMH NS CH 8N,48,80,81,80,67018,114240,27858,48601,28000,48437,-142,164,5077,7678,17959,36997,-23178,-44510
005 Pediatrics,ASC,1982 SMH NS CH 8S,102,67,610,74,160924,97370,58347,37368,84463,47198,-26116,-9830,9260,4676,48337,33758,-83713,-48264
005 Pediatrics,ASC,4252 SMH PEDIATRIC OPERATING ROOMS - NURSING,2131,0,4626,,6949906,,2559503,,1819588,,739915,,518,,666705,,72693,
005 Pediatrics,ASC,4321 SMH PEDIATRIC SURGICAL SUITE,1359,0,1317,,1048035,,402730,,239643,,163087,,876,,769636,,-607425,
005 Pediatrics,ASC,4800 SMH PED PULMONARY UNIT,7,4,8,4,16333,11684,5875,4113,2092,1575,3783,2538,374,218,939,579,2470,1741
005 Pediatrics,ASC,4801 SMH PEDIATRIC CATH EP LAB,54,0,3351,,743995,,332327,,150264,,182063,,20,,24456,,157586,
005 Pediatrics,ASC,4810 SMH PEDS PULMONARY,36,0,109,,514073,,253480,,0,,253480,,,,,,253480,
005 Pediatrics,ASC,4814 SMH PEDIATRIC ENDOSCOPY SUITE,480,0,1505,,1573175,,637214,,238402,,398812,,1,,101874,,296936,
005 Pediatrics,ASC,4820 SMH PED TRT CTR/SPEC,7,3,87,81,32905,17285,20004,3698,2454,4872,17549,-1174,346,458,452,-273,16751,-1360
005 Pediatrics,ASC,4860 SMH PEDS ECHOCARDIOLOGY,82,117,249,423,175702,292666,75916,133763,23644,38371,52272,95392,3189,4475,9656,16055,39428,74861
005 Pediatrics,ASC,6220 SMH OPD-PEDS,1,0,2,,88,,19,,43,,-24,,19,,35,,-78,
005 Pediatrics,OBS,1971 SMH NS CH 7N,108,61,622,75,128953,69020,39536,19932,62489,35185,-22953,-15253,7804,3832,39445,25709,-70202,-44795
005 Pediatrics,OBS,1972 SMH NS CH 7S,463,452,1880,465,211356,110110,69651,37545,86914,47022,-17263,-9477,16035,6875,59728,36529,-93026,-52881
005 Pediatrics,OBS,1981 SMH NS CH 8N,111,55,974,67,144006,63560,49758,20800,60549,26851,-10791,-6051,10970,4256,38829,20509,-60590,-30817
005 Pediatrics,OBS,1982 SMH NS CH 8S,176,79,1900,99,249537,81340,83815,25707,128393,39566,-44578,-13858,14080,3920,73470,28299,-132128,-46078
005 Pediatrics,OBS,4252 SMH PEDIATRIC OPERATING ROOMS - NURSING,255,0,319,,1296382,,475124,,350569,,124555,,100,,128433,,-3978,
005 Pediatrics,OBS,4321 SMH PEDIATRIC SURGICAL SUITE,258,0,344,,400536,,144039,,91939,,52100,,336,,295272,,-243508,
005 Pediatrics,OBS,4800 SMH PED PULMONARY UNIT,3,0,10,,6242,,1890,,782,,1108,,140,,351,,618,
005 Pediatrics,OBS,4801 SMH PEDIATRIC CATH EP LAB,71,0,6494,,1674597,,754141,,381742,,372398,,50,,59875,,312474,
005 Pediatrics,OBS,4810 SMH PEDS PULMONARY,10,0,56,,239480,,92967,,53,,92914,,,,,,92914,
005 Pediatrics,OBS,4814 SMH PEDIATRIC ENDOSCOPY SUITE,13,0,173,,20181,,8480,,7438,,1042,,0,,434,,608,
005 Pediatrics,OBS,4820 SMH PED TRT CTR/SPEC,0,2,,3,,722,,264,,178,,86,,19,,-11,,78
005 Pediatrics,OBS,4860 SMH PEDS ECHOCARDIOLOGY,50,9,148,23,114101,16948,49448,4521,15242,2225,34206,2296,2054,260,6224,931,25928,1105
006 Orthopedics,OUTPATIENT,5000 SMH ORTHOPEDIC SHOP,12145,11863,26064,24883,9183674,7702080,3277173,3143438,3286151,2860269,-8978,283169,171857,162285,436791,416409,-617627,-295525
006 Orthopedics,OUTPATIENT,5020 SMH OPD-ORTHOPEDICS,544,943,592,1039,98420,180622,27044,64677,889865,820291,-862821,-755614,455622,422762,815360,771200,-2133803,-1949576
006 Orthopedics,OUTPATIENT,5030 SMH O/P ORTHO PROC - CLCRS,5145,5517,64918,56742,16501825,16243751,6167103,6545534,1462106,1399427,4704998,5146108,922943,847407,840083,812200,2941972,3486500
006 Orthopedics,OUTPATIENT,6560 SMH HAND REHAB-CC,8518,7556,81624,73776,5879969,5277088,2090632,1792520,1451781,1262546,638850,529974,129653,125751,336345,319033,172852,85190
006 Orthopedics,OUTPATIENT,6570 SMH HAND REHAB-GREECE,892,694,8806,6472,649753,458975,210494,143392,109599,121766,100895,21626,11291,15100,28247,31350,61357,-24824
006 Orthopedics,OUTPATIENT,6600 SMH SPORTS MED-BRIGHTON,18869,17012,123821,123287,10323562,10015513,4183750,4037855,2869289,2662448,1314461,1375407,246134,218946,691447,672461,376880,484000
006 Orthopedics,OUTPATIENT,6610 SMH SPORTS MED-GREECE,7070,6009,50393,45674,4174649,3703944,1549191,1378148,1242795,1011468,306396,366680,91049,81332,261077,236313,-45729,49035
006 Orthopedics,OUTPATIENT,6630 SMH USM - EAST SIDE,10724,9457,80052,70000,6674374,5777736,2563390,2265023,1898543,1770517,664847,494506,141975,118473,405407,394874,117466,-18841
006 Orthopedics,OUTPATIENT,6660 SMH SPORTS REHAB STRONG WEST,3371,2867,26098,23255,2125145,1895472,822024,808993,423006,425056,399019,383937,112067,128969,554965,253847,-268013,1121
006 Orthopedics,OUTPATIENT,6670 SMH HAND REHAB - PENFIELD,1398,1221,12619,10972,910849,803171,337772,291537,180868,137186,156904,154351,19754,20076,60600,50667,76549,83608
006 Orthopedics,OUTPATIENT,6680 SMH HAND REHAB STRONG WEST,594,574,5033,6170,358669,438504,125426,170009,42461,13345,82965,156664,17519,7163,20546,14220,44899,135281
006 Orthopedics,ASC,5000 SMH ORTHOPEDIC SHOP,33,21,40,21,10211,4338,4620,1799,3678,1644,942,155,192,93,489,239,260,-178
006 Orthopedics,ASC,5030 SMH O/P ORTHO PROC - CLCRS,1,0,10,,3108,,1654,,265,,1389,,169,,153,,1067,
006 Orthopedics,OBS,5000 SMH ORTHOPEDIC SHOP,108,108,125,118,63151,49811,17127,14527,21855,18357,-4729,-3830,1143,1042,2906,2672,-8778,-7544
006 Orthopedics,OBS,6600 SMH SPORTS MED-BRIGHTON,1,0,0,,0,,0,,0,,0,,0,,0,,0,
007 Neurology,OUTPATIENT,4400 SMH EPILEPSY,4124,5374,7283,11620,3195300,4303329,1091990,1480342,875243,1102316,216747,378025,89294,124829,223119,276227,-95666,-23030
007 Neurology,OUTPATIENT,4410 SMH GENERAL NEUROLOGY,1181,1033,32156,29270,779327,772836,298757,313807,367333,306334,-68576,7473,26051,26777,36356,42847,-130983,-62152
007 Neurology,OUTPATIENT,4411 SMH NEURO IMMUNOLOGY,1286,1177,2011,2352,426686,429160,158294,166956,107514,103190,50780,63766,17901,15196,15462,15983,17417,32588
007 Neurology,OUTPATIENT,4412 SMH NEURO ONCOLOGY,388,373,670,741,179318,189981,63236,71687,98126,100451,-34891,-28765,7122,6460,12090,13967,-54103,-49192
007 Neurology,OUTPATIENT,4420 SMH NEUROMUSCULAR DISEASE,4180,3485,13631,15279,7951765,8002672,2304552,2627541,1644672,1530977,659880,1096564,345789,311449,462627,467501,-148536,317614
007 Neurology,OUTPATIENT,4470 SMH NEURO MIGRAINE CTR,1996,1682,273828,231231,5024577,4281148,2060440,1888216,1962137,1692666,98303,195550,173937,140846,678239,665880,-753873,-611176
007 Neurology,OUTPATIENT,4480 SMH MOVEMENT DISORDERS,3624,2780,300738,319133,6472988,6427342,2634723,2812190,2560646,2214178,74076,598012,236487,211504,385664,398297,-548075,-11788
007 Neurology,OUTPATIENT,6100 SMH NEURO BALANCE LAB,430,372,2408,2678,588635,556647,231088,253989,247348,277159,-16260,-23170,20578,50584,49915,52646,-86753,-126400
007 Neurology,OUTPATIENT,6120 SMH OPD-MED NEURO,5004,4224,829629,714555,61499110,44395706,27080952,20375417,15734106,8389960,11346845,11985456,2429058,2031408,3776292,2816885,5141495,7137164
007 Neurology,OUTPATIENT,6200 SMH OPD-PED NEUROLOGY,386,421,11845,1022,23223169,8825306,12583707,3535179,10518790,4292806,2064918,-757626,580082,214611,1805364,570325,-320528,-1542563
007 Neurology,ASC,4400 SMH EPILEPSY,21,23,108,84,36239,43168,15645,17252,9767,10986,5878,6267,996,1244,2490,2753,2392,2270
007 Neurology,ASC,6200 SMH OPD-PED NEUROLOGY,1,0,120,,262500,,76125,,72917,,3208,,0,,0,,3208,
007 Neurology,OBS,4400 SMH EPILEPSY,65,101,129,201,79267,120001,23219,35256,21040,30664,2179,4592,2147,3472,5364,7684,-5332,-6564
007 Neurology,OBS,4420 SMH NEUROMUSCULAR DISEASE,0,2,,6,,2119,,583,,409,,174,,83,,125,,-34
007 Neurology,OBS,4480 SMH MOVEMENT DISORDERS,2,0,405,,7130,,2139,,2738,,-599,,194,,317,,-1110,
007 Neurology,OBS,6120 SMH OPD-MED NEURO,0,1,,7,,1010,,165,,188,,-23,,46,,63,,-132
007a Stroke Services,OUTPATIENT,6110 SMH STROKE SERVICES,608,692,1024,1378,194885,239990,80902,65865,119848,154071,-38946,-88206,7168,7947,13686,19581,-59801,-115733
007a Stroke Services,OBS,6110 SMH STROKE SERVICES,2,0,3,,660,,173,,369,,-196,,22,,42,,-260,
008 Psychiatry,OUTPATIENT,7000 SMH PSYCH ADULT ID CCC,12341,10347,26515,24713,6538331,5293308,2357118,1882035,3193285,2522753,-836167,-640718,1177893,1079814,1128698,1096459,-3142758,-2816991
008 Psychiatry,OUTPATIENT,7010 SMH PSYCH CHILD/ADL OFFSITE,10583,11317,37027,25545,5778101,6212524,2538359,2576166,3855303,3007719,-1316945,-431553,598130,503043,769640,711994,-2684715,-1646590
008 Psychiatry,OUTPATIENT,7011 SMH PSYCH CHILD AND ADOLESCENT - EAST RIVER,10598,2154,20067,4211,5526361,1080587,2124035,442842,1474518,144427,649517,298415,50,1,983863,53978,-334396,244436
008 Psychiatry,OUTPATIENT,7030 SMH PSYCH OLDER ADULT SERV OFFSITE,6053,5538,12186,13189,2523661,2326598,903188,859296,1226567,1045889,-323379,-186593,99942,91029,239791,217310,-663112,-494932
008 Psychiatry,OUTPATIENT,7040 SMH PSYCH DEAF WELLNESS CENTER,1022,873,4455,3067,1186200,754664,308361,318028,168487,160097,139874,157930,56029,53044,70972,63650,12873,41236
008 Psychiatry,OUTPATIENT,7050 SMH PSYCH FAMILY & MARRIAGE,5208,5504,8983,9660,2774107,2832164,1004127,1003181,698486,514976,305641,488206,152953,191958,244331,215481,-91643,80767
008 Psychiatry,OUTPATIENT,7230 SMH PSYCH ADULT PARTIAL HOSP,1417,1106,15632,5674,4830553,3665444,1599538,1340754,1486724,1293594,112814,47160,276420,288182,347297,321582,-510902,-562604
008 Psychiatry,OUTPATIENT,7260 SMH PSYCH CHILD PARTIAL HOSP,668,628,13108,5086,4307311,3983368,1730825,1876038,1429277,1354789,301549,521249,262602,320507,715141,741766,-676195,-541024
008 Psychiatry,OUTPATIENT,7270 SMH PSYCH ECT,1061,724,2533,787,959129,487330,352866,204515,447929,344643,-95063,-140128,75010,59625,158901,134453,-328974,-334206
008 Psychiatry,OUTPATIENT,7320 SMH CHEMICAL DEPENDENCY PROGRAM,5271,4684,39035,23676,3924783,3703947,1944951,1583642,1775066,1357731,169885,225911,353990,377117,453620,663922,-637725,-815128
008 Psychiatry,OUTPATIENT,7340 SMH METHADONE CLINIC,26845,19194,2875634,2464037,14514262,11215188,3776945,2458416,2644255,2093065,1132690,365350,741553,787267,972359,1198657,-581222,-1620574
008 Psychiatry,OUTPATIENT,7400 SMH STRONG TIES CLINIC,11928,11787,146846,99603,7705060,6606569,3518999,2257872,3665984,2671683,-146985,-413811,845571,840912,790013,652016,-1782569,-1906739
008 Psychiatry,OUTPATIENT,7430 SMH PSYCH LAZOS FUERTES,2184,2068,3708,3923,956964,936942,335001,313408,329951,313984,5051,-576,59256,75337,78917,80465,-133123,-156377
008 Psychiatry,OUTPATIENT,7450 SMH ACT 48 PROGRAM,627,447,31629,21944,2157024,1383631,942348,586729,860381,593298,81967,-6570,54048,41403,181636,134009,-153716,-181981
008 Psychiatry,OUTPATIENT,7500 SMH ACT PROGRAM,672,709,29509,30947,2292414,2117293,996767,988387,1146288,961048,-149521,27338,238712,235507,253025,230369,-641257,-438538
008 Psychiatry,OUTPATIENT,7580 SMH PSYCH HEALTH HOME,0,4384,,4384,,2227532,,975021,,1743947,,-768926,,121552,,361192,,-1251670
008 Psychiatry,OUTPATIENT,7800 SMH CPEP - TRIAGE/ EOB,7309,6670,16187,18268,14002475,12791116,5590584,4686495,3541735,3628054,2048849,1058441,483386,484724,1426479,1445933,138985,-872215
008 Psychiatry,OUTPATIENT,7830 SMH CPEP - MOBILE/INTERIM CRISIS,1759,1987,1910,2168,1732356,1875252,1435130,1525804,1087976,1027806,347154,497998,92352,88970,246619,241306,8184,167722
008 Psychiatry,OUTPATIENT,7850 SMH PSYCH MEDICINE PROG,4780,4996,15425,13365,1605618,1662196,528461,563100,1228372,1071883,-699911,-508783,291542,286737,243837,237218,-1235290,-1032739
008 Psychiatry,ASC,7000 SMH PSYCH ADULT ID CCC,1,0,0,,0,,0,,0,,0,,0,,0,,0,
008 Psychiatry,OBS,7000 SMH PSYCH ADULT ID CCC,1,0,1,,330,,39,,148,,-109,,55,,52,,-215,
008 Psychiatry,OBS,7270 SMH PSYCH ECT,0,1,,1,,640,,47,,467,,-420,,81,,182,,-683
008 Psychiatry,OBS,7320 SMH CHEMICAL DEPENDENCY PROGRAM,1,0,2,,387,,46,,179,,-133,,36,,46,,-214,
008 Psychiatry,OBS,7340 SMH METHADONE CLINIC,2,2,40,11,388,135,65,29,69,26,-5,3,20,10,26,15,-50,-22
008 Psychiatry,OBS,7400 SMH STRONG TIES CLINIC,2,0,2,,330,,62,,137,,-75,,37,,34,,-146,
008 Psychiatry,OBS,7800 SMH CPEP - TRIAGE/ EOB,694,401,22187,24056,3343451,2620525,1265921,1113513,830322,743202,435599,370310,113325,99295,334419,296198,-12145,-25182
008 Psychiatry,OBS,7850 SMH PSYCH MEDICINE PROG,1,2,2,3,347,356,126,72,311,230,-185,-158,74,61,62,51,-320,-270
009 Rehabilitation,OUTPATIENT,5040 SMH PHYSICAL THERAPY,39,17,65,21,7587,1413,2636,579,2431,389,205,190,0,0,608,113,-403,77
009 Rehabilitation,OUTPATIENT,5060 SMH REHABILITATION,12,1,24,2,3110,615,1282,138,5720,911,-4438,-773,0,0,1044,200,-5482,-973
009 Rehabilitation,OUTPATIENT,5080 SMH OCCUPATIONAL THERAPY,14,12,45,15,4094,2617,1862,969,1603,991,259,-23,0,0,273,193,-14,-216
009 Rehabilitation,OUTPATIENT,5100 SMH O/P REHAB - SMH,117,101,621,635,235766,220043,74604,66576,68737,45658,5867,20918,0,0,8276,6891,-2409,14027
009 Rehabilitation,OUTPATIENT,5110 SMH O/P REHAB - CLCRS,2560,3112,84964,76233,2411362,2632099,815425,1011634,960286,763158,-144861,248475,45,5,131242,117808,-276148,130662
009 Rehabilitation,OUTPATIENT,6240 SMH PHYSICAL THERAPY,13846,13303,62117,63911,4956019,5181414,1707445,1814869,1496238,1446300,211207,368569,4,5,232247,244531,-21044,124033
009 Rehabilitation,OUTPATIENT,6250 SMH JCC/YMCA PHYSICAL THERAPY,422,411,2318,2307,212522,198468,57737,65098,59735,56113,-1998,8985,0,0,8708,8719,-10705,266
009 Rehabilitation,OUTPATIENT,6300 SMH OPD O/P OCC THERAPY,3887,3622,19117,18339,1736821,1637972,590398,584855,591715,511043,-1317,73812,1,2,96156,93679,-97475,-19868
009 Rehabilitation,ASC,5040 SMH PHYSICAL THERAPY,31,57,50,65,7527,11730,2890,4825,2417,3225,473,1600,0,0,604,942,-131,658
009 Rehabilitation,ASC,5060 SMH REHABILITATION,32,0,36,,6766,,2597,,12444,,-9847,,0,,2272,,-12119,
009 Rehabilitation,ASC,5080 SMH OCCUPATIONAL THERAPY,6,9,11,8,1854,1927,585,886,726,730,-141,157,0,0,124,142,-264,14
009 Rehabilitation,ASC,6240 SMH PHYSICAL THERAPY,392,345,566,784,83446,82356,34566,33234,25123,22988,9443,10246,0,0,3900,3887,5543,6359
009 Rehabilitation,ASC,6300 SMH OPD O/P OCC THERAPY,26,13,54,44,6695,3200,3021,1265,2275,998,746,267,0,0,370,183,376,84
009 Rehabilitation,OBS,5040 SMH PHYSICAL THERAPY,223,188,411,284,57269,41002,17286,10971,18372,11274,-1086,-303,0,0,4592,3293,-5678,-3596
009 Rehabilitation,OBS,5060 SMH REHABILITATION,81,0,119,,18046,,5360,,33189,,-27829,,0,,6059,,-33888,
009 Rehabilitation,OBS,5080 SMH OCCUPATIONAL THERAPY,84,45,182,49,24290,9328,6344,2533,9510,3533,-3166,-1000,0,0,1619,689,-4786,-1690
009 Rehabilitation,OBS,5110 SMH O/P REHAB - CLCRS,1,0,1,,322,,109,,155,,-45,,0,,30,,-75,
009 Rehabilitation,OBS,6240 SMH PHYSICAL THERAPY,937,971,1537,3425,213921,265996,57876,64082,64353,74248,-6478,-10167,0,0,9989,12553,-16467,-22720
009 Rehabilitation,OBS,6250 SMH JCC/YMCA PHYSICAL THERAPY,1,9,1,20,220,1660,14,607,62,469,-48,138,0,0,9,73,-57,65
009 Rehabilitation,OBS,6300 SMH OPD O/P OCC THERAPY,205,137,552,520,50198,34782,12634,7689,17059,10852,-4426,-3163,0,0,2772,1989,-7198,-5152
010 Radiology,OUTPATIENT,4000 SMH ULTRASOUND,8258,12054,9534,13655,4538500,6177169,1370218,2215600,636127,865956,734092,1349643,161251,243342,434494,600629,138346,505673
010 Radiology,OUTPATIENT,4020 SMH CT SCANS,15091,24348,468431,1198936,19917816,39288845,4543148,10533556,1829265,3046736,2713883,7486819,422933,889968,1243032,2162497,1047918,4434355
010 Radiology,OUTPATIENT,4040 SMH DIAGNOSTIC X-RAY,35632,38333,45738,51097,9961030,11038797,2551553,3122461,1946629,1875896,604924,1246565,496663,527145,1917449,2202658,-1809188,-1483239
010 Radiology,OUTPATIENT,4050 SMH ANGIOGRAPHY,5842,4920,89736,83345,22666370,15336125,7795942,6468610,3225008,2439291,4570933,4029319,782957,696521,1701695,1190760,2086281,2142038
010 Radiology,OUTPATIENT,4060 SMH NUCLEAR MEDICINE,879,3293,10036,18377,3863174,9485859,1336719,3133269,1371884,2242283,-35165,890986,232053,630096,516864,919028,-784082,-658137
010 Radiology,OUTPATIENT,4070 SMH NSURG RADIOLOGY,487,558,910,1085,618744,936463,235032,383320,220247,196656,14785,186665,56418,55280,46784,46182,-88417,85202
010 Radiology,OUTPATIENT,4080 SMH MAGNETIC RES IMAGING,3520,7295,225826,424981,14595672,26585805,4267069,8024907,1674313,2423588,2592757,5601319,392036,703587,1701928,2987081,498793,1910652
010 Radiology,OUTPATIENT,4090 SMH IMAGING RIVER ROAD,32641,4163,1518279,33548,70692145,4571441,18692990,1349727,6305486,732494,12387504,617233,190,5,5732678,655117,6654636,-37889
010 Radiology,OUTPATIENT,4100 SMH RADIOLOGY-CLCROSSING,69336,66415,79724,77158,17567796,16150245,5750401,5477060,2126929,2022205,3623472,3454855,552552,581479,882738,860242,2188183,2013135
010 Radiology,OUTPATIENT,4110 SMH BREAST CARE CTR - IMAGING SRVS,2711,2796,3452,4798,1301355,1220928,410150,448344,413144,393563,-2994,54781,102693,110594,140479,129225,-246166,-185038
010 Radiology,OUTPATIENT,4120 SMH URMC IMAGING STRONG WEST,24968,22787,434340,338482,22246049,18403495,6273208,5977066,2329683,2191829,3943525,3785237,917498,1040122,1539329,1070035,1486698,1675079
010 Radiology,ASC,4000 SMH ULTRASOUND,281,247,354,302,368099,288596,122970,106608,60435,44835,62534,61773,15320,12599,41279,31098,5936,18076
010 Radiology,ASC,4020 SMH CT SCANS,359,290,24021,15833,733080,498094,245121,184859,57730,34996,187391,149863,12777,10223,37553,24839,137060,114801
010 Radiology,ASC,4040 SMH DIAGNOSTIC X-RAY,3541,3789,6138,6118,1818407,1699011,722893,703434,448084,362002,274808,341432,114296,101726,441257,425059,-280745,-185354
010 Radiology,ASC,4050 SMH ANGIOGRAPHY,456,478,14638,20431,4289680,4361573,1714169,1900811,917022,953387,797147,947424,171546,272232,372841,465404,252761,209788
010 Radiology,ASC,4060 SMH NUCLEAR MEDICINE,112,182,213,339,209078,321330,76830,120122,71790,81667,5041,38455,21861,22949,48692,33472,-65512,-17967
010 Radiology,ASC,4070 SMH NSURG RADIOLOGY,132,179,291,442,215505,380772,66523,147238,76493,78277,-9969,68961,19594,22004,16248,18382,-45812,28575
010 Radiology,ASC,4080 SMH MAGNETIC RES IMAGING,92,102,4112,5192,400202,378015,98057,107972,42861,33179,55197,74793,10101,9632,43852,40893,1243,24267
010 Radiology,ASC,4090 SMH IMAGING RIVER ROAD,9,1,373,1,22513,1467,8312,297,2236,212,6076,84,0,0,2766,190,3310,-105
010 Radiology,ASC,4100 SMH RADIOLOGY-CLCROSSING,6,1,9,1,1726,164,784,94,218,24,566,70,57,7,91,10,419,52
010 Radiology,ASC,4110 SMH BREAST CARE CTR - IMAGING SRVS,22,77,48,213,23290,119820,9780,45285,6002,34232,3779,11053,1498,9619,2050,11240,231,-9806
010 Radiology,ASC,4120 SMH URMC IMAGING STRONG WEST,63,68,1762,1327,61751,50920,20602,18462,7520,8315,13082,10147,2949,3946,4947,4059,5186,2142
010 Radiology,OBS,4000 SMH ULTRASOUND,1432,1059,1741,1198,886887,575790,283783,182704,124462,79773,159321,102931,31550,22417,85012,55331,42759,25184
010 Radiology,OBS,4020 SMH CT SCANS,4172,2993,248396,160840,8580761,5640267,2481300,1696358,690612,408465,1790687,1287893,154346,119315,453634,289918,1182707,878660
010 Radiology,OBS,4040 SMH DIAGNOSTIC X-RAY,6016,4926,8386,6441,1563874,1151711,450939,347966,316501,203778,134438,144188,80739,57264,311707,239274,-258007,-152350
010 Radiology,OBS,4050 SMH ANGIOGRAPHY,338,301,5739,12766,1842873,1238107,605273,460881,407532,329203,197742,131679,82568,94001,179456,160703,-64282,-123025
010 Radiology,OBS,4060 SMH NUCLEAR MEDICINE,78,71,224,226,131706,116249,41265,35359,38388,27242,2877,8117,16410,7655,36551,11166,-50084,-10703
010 Radiology,OBS,4070 SMH NSURG RADIOLOGY,54,100,95,202,59787,176559,16452,67982,21530,36495,-5078,31486,5515,10259,4573,8570,-15166,12657
010 Radiology,OBS,4080 SMH MAGNETIC RES IMAGING,840,666,27694,23273,3128722,2438220,935570,800976,316271,202909,619299,598066,76597,58906,332526,250087,210176,289074
010 Radiology,OBS,4090 SMH IMAGING RIVER ROAD,7,1,109,1,8743,448,970,119,703,89,267,29,0,0,719,80,-452,-51
010 Radiology,OBS,4100 SMH RADIOLOGY-CLCROSSING,7,0,8,,1837,,596,,193,,403,,50,,80,,273,
010 Radiology,OBS,4110 SMH BREAST CARE CTR - IMAGING SRVS,5,5,8,12,3578,5633,772,938,1600,2408,-828,-1470,402,677,550,791,-1780,-2937
010 Radiology,OBS,4120 SMH URMC IMAGING STRONG WEST,195,188,4994,5698,184828,209030,59157,71500,18934,24443,40223,47057,7571,11599,12703,11933,19948,23524
011 Cancer Center,OUTPATIENT,1950 SMH NS WCC5 SURG ONCOLOGY,1,0,20,,1300,,0,,590,,-590,,75,,354,,-1020,
011 Cancer Center,OUTPATIENT,1970 SMH NS WCC7 HEM/ONC,1,0,17,,1105,,275,,622,,-348,,18,,317,,-683,
011 Cancer Center,OUTPATIENT,2950 SMH MED ONC MYERS CANCER CENTER,3329,1764,13755,7356,3570977,1972219,1369325,828081,1834799,1549772,-465474,-721691,344,463,256419,210632,-722237,-932786
011 Cancer Center,OUTPATIENT,4900 SMH RADIATION ONCOLOGY,6232,5897,51697,45582,83050150,75179923,24160543,24139826,11823999,10780893,12336544,13358933,517151,505637,5556214,5558338,6263178,7294958
011 Cancer Center,OUTPATIENT,4910 SMH SMH INFUSION CENTER at HH,4185,5589,15499,21776,5059989,6713412,2113712,3044568,2438649,2356482,-324937,688087,496,487,426737,422710,-752169,264890
011 Cancer Center,OUTPATIENT,4920 SMH MEDICAL ONCOLOGY,34891,29934,108494,123134,33582970,36908489,13201324,15640318,18614573,15275925,-5413248,364393,3080,2468,8021022,5702368,-13437351,-5340443
011 Cancer Center,OUTPATIENT,4950 SMH BREAST CARE CTR - ONCOLOGY SRVS,4835,3794,7912,8304,1650299,1298190,724356,572032,1124098,1098513,-399742,-526481,212,236,916117,697378,-1316071,-1224095
011 Cancer Center,OUTPATIENT,4960 SMH SMH MED ONC at PLUTA,5770,8896,21998,34159,5940436,9145409,2550294,4296236,5245367,4660756,-2695073,-364520,1047,941,867806,867789,-3563926,-1233251
011 Cancer Center,OUTPATIENT,4970 SMH SMH RAD ONC at PLUTA,2495,2103,22904,22392,25918280,23796131,9083530,9240304,3275623,2855835,5807906,6384469,119,150,830231,768567,4977556,5615752
011 Cancer Center,OUTPATIENT,4980 SMH RAD ONC BATAVIA,1001,973,9152,7196,13102189,8135664,3926884,3043852,1542299,1625570,2384584,1418283,69,70,972707,603471,1411809,814742
011 Cancer Center,OUTPATIENT,4990 SMH NATL MARROW PROGRAM,173,126,368,201,1091977,420458,325196,158627,645368,239344,-320172,-80717,1,0,85423,33956,-405597,-114673
011 Cancer Center,ASC,1950 SMH NS WCC5 SURG ONCOLOGY,192,132,794,159,341605,210980,122835,74421,150169,93154,-27334,-18733,19213,9136,90077,59785,-136625,-87654
011 Cancer Center,ASC,2950 SMH MED ONC MYERS CANCER CENTER,1,0,1,,143,,36,,49,,-13,,0,,10,,-23,
011 Cancer Center,ASC,4900 SMH RADIATION ONCOLOGY,19,28,241,511,66737,265326,23194,124889,12888,46501,10306,78388,564,2181,6059,23975,3683,52232
011 Cancer Center,ASC,4920 SMH MEDICAL ONCOLOGY,3,0,3,,1088,,229,,560,,-332,,0,,241,,-573,
011 Cancer Center,OBS,1800 SMH 8-1200 NEURO ICU,4,0,40,,2350,,1085,,802,,283,,91,,351,,-159,
011 Cancer Center,OBS,1950 SMH NS WCC5 SURG ONCOLOGY,76,59,914,79,166525,92540,41866,24907,72617,40477,-30751,-15570,9294,3970,43566,25978,-83610,-45517
011 Cancer Center,OBS,1960 SMH NS WCC6 BMT,21,17,134,21,249450,24570,11155,8078,71586,7069,-60431,1009,1552,142,37533,3622,-99515,-2755
011 Cancer Center,OBS,1970 SMH NS WCC7 HEM/ONC,56,60,420,86,91560,115570,29961,31993,49714,53648,-19753,-21655,1437,1877,25358,33757,-46548,-57289
011 Cancer Center,OBS,4900 SMH RADIATION ONCOLOGY,2,5,6,10,14795,19494,4490,7620,2105,2581,2385,5040,92,121,990,1331,1303,3588
011 Cancer Center,OBS,4920 SMH MEDICAL ONCOLOGY,1,0,3,,732,,555,,560,,-6,,0,,241,,-247,
011 Cancer Center,LAB,4900 SMH RADIATION ONCOLOGY,0,1,,1,,90,,0,,13,,-13,,1,,7,,-20
011 Cancer Center,LAB,4920 SMH MEDICAL ONCOLOGY,1,1,1,2,132,356,0,0,79,147,-79,-147,0,0,34,55,-113,-202
011a Cancer Center Interlakes,OUTPATIENT,2920 SMH MED ONC INTERLAKES,14022,17311,53017,69625,12046399,14783140,4948282,6335249,10653039,10023026,-5704757,-3687777,1136,1058,1571549,1564283,-7277442,-5253118
012 Pharmacy,OUTPATIENT,4160 SMH SMH CC PHARMACY at PLUTA,5286,4703,997218,1010039,47713386,46209839,21491788,21407433,12098091,12635094,9393697,8772339,182800,38,1542202,473993,7668695,8298307
012 Pharmacy,OUTPATIENT,4170 SMH CANCER CENTER PHARMACY at HH,5791,4180,1363594,987273,45382653,31429961,19583089,14867241,11451159,8761569,8131930,6105672,173502,26,1482637,321247,6475791,5784399
012 Pharmacy,OUTPATIENT,4180 SMH CANCER CENTER PHARMACY,16649,15782,4395765,3341130,190407939,154554329,84226681,75030600,55839461,47890255,28387219,27140345,961887,160864,7147077,1942938,20278256,25036544
012 Pharmacy,OUTPATIENT,4220 SMH PHARMACY (I/P),72439,81668,541538,1013673,3623670,1897028,1380509,662099,2331270,1229050,-950762,-566950,59545,30110,334162,126293,-1344469,-723353
012 Pharmacy,OUTPATIENT,4230 SMH STRONG WEST PHARMACY,4051,0,23870,,155282,,54567,,296123,,-241556,,45732,,98811,,-386099,
012 Pharmacy,ASC,4180 SMH CANCER CENTER PHARMACY,0,2,,58,,221,,47,,68,,-22,,0,,3,,-25
012 Pharmacy,ASC,4220 SMH PHARMACY (I/P),28774,31784,1734369,2189724,6573687,7101292,2629446,2958594,3842643,4585795,-1213198,-1627201,107903,111735,605558,468665,-1926659,-2207601
012 Pharmacy,ASC,4230 SMH STRONG WEST PHARMACY,226,0,21303,,95156,,32789,,175677,,-142889,,28047,,60600,,-231535,
012 Pharmacy,OBS,4180 SMH CANCER CENTER PHARMACY,2,0,76,,4546,,762,,1292,,-530,,24,,175,,-729,
012 Pharmacy,OBS,4220 SMH PHARMACY (I/P),13612,10592,455274,496533,2463844,1287152,901929,400293,1467566,827934,-565637,-427641,40505,20045,227319,84076,-833461,-531761
012 Pharmacy,OBS,4230 SMH STRONG WEST PHARMACY,43,0,440,,1436,,496,,2715,,-2219,,422,,912,,-3553,
012a Pharmacy Interlakes,OUTPATIENT,2810 SMH PHARMACY DANSVILLE,2554,690,473002,197718,14422425,6162140,6349108,3008632,4302166,2436492,2046942,572140,67428,20111,538956,126859,1440558,425170
012a Pharmacy Interlakes,OUTPATIENT,2820 SMH PHARMACY INTERLAKES,9959,5346,1948424,1346251,58530463,36270134,25587608,16412382,16161805,11001206,9425803,5411176,248600,17725,1982655,430827,7194549,4962624
012a Pharmacy Interlakes,ASC,2810 SMH PHARMACY DANSVILLE,1,0,8,,3,,1,,2,,-1,,0,,0,,-2,
012a Pharmacy Interlakes,OBS,2820 SMH PHARMACY INTERLAKES,1,0,22,,788,,410,,148,,262,,2,,15,,244,
013 Emergency Medicine,OUTPATIENT,2000 SMH EMERGENCY DEPARTMENT,67257,71087,128992,138117,110483873,113759129,28246243,31852574,15561198,16897136,12685044,14955438,1113139,1112078,8932891,10874839,2639014,2968521
013 Emergency Medicine,OUTPATIENT,2010 SMH TCU-TRANSITIONAL CARE,8,15,79,86,6353,7616,1313,2376,2179,2198,-866,178,224,212,1122,1435,-2212,-1470
013 Emergency Medicine,ASC,2000 SMH EMERGENCY DEPARTMENT,688,607,4016,1687,1803333,1416584,652653,547427,257411,211406,395242,336021,18393,13914,147615,136059,229234,186048
013 Emergency Medicine,ASC,2010 SMH TCU-TRANSITIONAL CARE,169,214,2611,2994,225157,261653,75328,90896,78414,74337,-3086,16559,8066,7184,40394,48557,-51545,-39182
013 Emergency Medicine,OBS,2000 SMH EMERGENCY DEPARTMENT,11772,8149,80531,21338,31266186,18340111,9835358,5854175,4464312,2727901,5371045,3126274,319129,179536,2561416,1755651,2490501,1191087
013 Emergency Medicine,OBS,2010 SMH TCU-TRANSITIONAL CARE,4276,5796,106744,129710,10332883,12683331,3125884,4215813,3612731,3587352,-486846,628461,371590,346693,1861008,2343271,-2719445,-2061503
013a Urgent Care Satellite Offices,OUTPATIENT,2200 SMH STRONG WEST EMERGENCY BROCKPORT,16169,15190,29254,29315,19148590,13855965,5965702,5323182,2840501,2617460,3125201,2705722,441831,507752,2171694,1159529,511676,1038441
013a Urgent Care Satellite Offices,OUTPATIENT,2210 SMH STRONG WEST URG CR SPENCERPORT,14100,11430,33070,28647,4725148,3898440,2040091,1585252,1602117,1246855,437975,338397,217,244,315639,260767,122118,77387
013a Urgent Care Satellite Offices,OUTPATIENT,2220 SMH GREECE RIDGE URGENT CARE,5480,0,13439,,1593644,,720212,,726952,,-6740,,120,,120987,,-127847,
013a Urgent Care Satellite Offices,ASC,2200 SMH STRONG WEST EMERGENCY BROCKPORT,28,37,109,132,35507,38500,13700,14644,5274,7264,8426,7380,820,1409,4033,3218,3573,2753
013a Urgent Care Satellite Offices,ASC,2210 SMH STRONG WEST URG CR SPENCERPORT,1,1,5,3,381,476,47,255,150,152,-103,103,0,0,30,32,-133,71
013a Urgent Care Satellite Offices,OBS,2200 SMH STRONG WEST EMERGENCY BROCKPORT,230,233,592,892,295660,285713,112416,119177,44021,54167,68395,65010,6847,10508,33656,23996,27891,30507
013a Urgent Care Satellite Offices,OBS,2210 SMH STRONG WEST URG CR SPENCERPORT,6,1,10,3,1656,150,393,71,594,48,-201,23,0,0,117,10,-319,13
013a Urgent Care Satellite Offices,OBS,2220 SMH GREECE RIDGE URGENT CARE,8,0,23,,2668,,805,,1456,,-650,,0,,244,,-894,
014 Clinical Lab & Path,OUTPATIENT,3000 SMH BLOOD BANK,10319,7555,49126,44774,14176656,14196220,3539632,3940288,2310322,1756326,1229310,2183962,171588,136631,499912,412011,557811,1635320
014 Clinical Lab & Path,OUTPATIENT,3030 SMH HEMATOLOGY,4001,3908,24555,30622,5641042,6284731,1447450,1954862,550867,669689,896583,1285172,74715,82426,182715,209745,639153,993002
014 Clinical Lab & Path,OUTPATIENT,3040 SMH MOLECULAR DIAGNOSTIC LAB,1387,1298,2067,1819,1313235,1147384,317729,261447,446576,344421,-128847,-82973,6711,66661,134351,144951,-269909,-294586
014 Clinical Lab & Path,OUTPATIENT,3060 SMH CLINICAL CHEM,86655,92791,434024,458450,16355837,16503776,4396022,4502938,1549466,1640809,2846556,2862128,1254561,781823,677706,630981,914290,1449324
014 Clinical Lab & Path,OUTPATIENT,3070 SMH OP LAB - RIDGELAND,16274,13724,40426,33863,1769969,1330720,349530,352312,102246,88524,247284,263788,114846,90985,53330,43358,79107,129445
014 Clinical Lab & Path,OUTPATIENT,3150 SMH POINT-OF-CARE TESTING,7522,6382,7393,6239,221068,201888,54527,31739,199992,190722,-145464,-158983,0,0,42868,58234,-188332,-217217
014 Clinical Lab & Path,OUTPATIENT,3160 SMH REFERENCE LAB,6985,6454,14064,11370,1589769,1779841,392043,373030,912578,875589,-520535,-502558,49642,30546,108422,112842,-678599,-645946
014 Clinical Lab & Path,OUTPATIENT,3180 SMH LSS-PHLEBOTOMY,73960,69742,87930,82025,789303,736478,199390,159824,1118617,1020520,-919227,-860696,286173,172030,257281,239448,-1462680,-1272174
014 Clinical Lab & Path,OUTPATIENT,3200 SMH TOXICOLOGY LAB,7074,7961,8401,9357,1158628,1248240,241289,217088,104549,109322,136740,107766,34267,95508,44226,64512,58247,-52254
014 Clinical Lab & Path,OUTPATIENT,3220 SMH AP-AUTOPSY,36,18,45,36,37383,21342,11313,4718,16837,5651,-5524,-934,140,57,13136,6352,-18800,-7343
014 Clinical Lab & Path,OUTPATIENT,3240 SMH AP-SURGPATH,12662,11819,45745,50315,8230091,7759948,2723328,2490535,827157,717753,1896171,1772782,75239,62926,377420,309106,1443512,1400750
014 Clinical Lab & Path,OUTPATIENT,3260 SMH AP-CYTOPATH,3885,4143,12576,12443,2031957,1749087,623230,520888,346396,274427,276834,246460,34743,29598,102302,92981,139789,123881
014 Clinical Lab & Path,OUTPATIENT,3280 SMH AP-IMMUNOPATH,3539,3050,18649,16201,4975851,3672541,1258276,740907,379397,275256,878880,465651,38200,26007,109205,73484,731475,366160
014 Clinical Lab & Path,OUTPATIENT,3300 SMH AP-NEUROPATH,147,165,1788,2564,421043,491909,100691,123995,57721,61471,42970,62523,3224,2853,25765,26843,13981,32827
014 Clinical Lab & Path,OUTPATIENT,3320 SMH BIO GENETICS LAB,89,217,210,493,14051,32074,1115,3067,7618,15197,-6503,-12131,1089,1557,4366,5240,-11957,-18928
014 Clinical Lab & Path,OUTPATIENT,3330 SMH CYTOGENETICS LAB,1338,1361,6258,7310,1476480,1628858,376797,450483,951882,898228,-575085,-447745,19414,391287,188300,269981,-782799,-1109012
014 Clinical Lab & Path,OUTPATIENT,3360 SMH ENDO/RIA LAB,15,26,15,26,1114,1868,230,441,0,14,230,428,0,24305,112437,121521,-112208,-145399
014 Clinical Lab & Path,OUTPATIENT,3380 SMH MICROBIOLGY/ IMMUNOSR,34185,33165,98780,96287,9551055,8723753,2250349,2184402,1582598,1585628,667750,598774,333467,593004,388092,442198,-53809,-436428
014 Clinical Lab & Path,OUTPATIENT,3420 SMH SURG TISSUE TYPING,327,321,718,798,576356,705710,127034,213537,217221,204662,-90187,8875,3188,3481,48606,52308,-141981,-46914
014 Clinical Lab & Path,ASC,3000 SMH BLOOD BANK,962,958,3982,4189,798822,809378,295439,314618,107064,99543,188375,215075,7897,7744,23008,23351,157470,183980
014 Clinical Lab & Path,ASC,3030 SMH HEMATOLOGY,151,178,2065,2570,451488,540250,167691,187450,41491,56247,126199,131203,5628,6923,13762,17616,106809,106664
014 Clinical Lab & Path,ASC,3040 SMH MOLECULAR DIAGNOSTIC LAB,43,49,95,103,71658,80922,23914,27896,23662,23878,252,4018,356,4622,7119,10049,-7222,-10653
014 Clinical Lab & Path,ASC,3060 SMH CLINICAL CHEM,4535,4437,18551,17243,622577,569576,234729,222753,58700,56644,176029,166110,47528,26990,25674,21783,102827,117337
014 Clinical Lab & Path,ASC,3070 SMH OP LAB - RIDGELAND,149,80,168,72,7713,3225,2723,1297,446,214,2277,1082,501,220,233,105,1543,757
014 Clinical Lab & Path,ASC,3150 SMH POINT-OF-CARE TESTING,2837,2683,2856,2673,79788,73523,34019,31595,73297,69060,-39278,-37465,0,0,15711,21087,-54989,-58552
014 Clinical Lab & Path,ASC,3160 SMH REFERENCE LAB,448,430,1164,1048,94335,120303,37055,46272,53698,46725,-16643,-454,2921,1630,6380,6022,-25944,-8105
014 Clinical Lab & Path,ASC,3180 SMH LSS-PHLEBOTOMY,1695,1968,2331,2707,20979,24383,7978,9772,29745,33789,-21767,-24018,7610,5696,6841,7928,-36217,-37642
014 Clinical Lab & Path,ASC,3200 SMH TOXICOLOGY LAB,135,114,142,121,15324,13004,5356,4759,1345,1048,4011,3711,441,915,569,618,3002,2178
014 Clinical Lab & Path,ASC,3220 SMH AP-AUTOPSY,73,61,126,124,83635,72898,28421,24951,34038,19466,-5617,5485,284,196,26556,21879,-32456,-16590
014 Clinical Lab & Path,ASC,3240 SMH AP-SURGPATH,8121,8150,26712,31194,5482915,5453805,2210387,2230700,541671,552093,1668716,1678607,49271,48402,247156,237763,1372289,1392441
014 Clinical Lab & Path,ASC,3260 SMH AP-CYTOPATH,395,372,1907,1629,302825,240327,96219,83138,48753,37105,47466,46032,4890,4002,14398,12572,28177,29459
014 Clinical Lab & Path,ASC,3280 SMH AP-IMMUNOPATH,1201,1129,7110,7571,1460493,1378715,533740,506743,105557,98269,428183,408474,10628,9285,30383,26235,387172,372955
014 Clinical Lab & Path,ASC,3300 SMH AP-NEUROPATH,15,35,155,296,28570,42152,10563,15205,3674,5822,6889,9383,205,270,1640,2543,5044,6570
014 Clinical Lab & Path,ASC,3320 SMH BIO GENETICS LAB,5,3,5,4,370,258,189,110,200,124,-11,-14,29,13,115,43,-154,-69
014 Clinical Lab & Path,ASC,3330 SMH CYTOGENETICS LAB,130,137,555,628,179976,175987,68498,69528,113847,97367,-45349,-27839,2322,42415,22521,29266,-70192,-99519
014 Clinical Lab & Path,ASC,3380 SMH MICROBIOLGY/ IMMUNOSR,1438,1221,7131,6033,274438,235892,102721,85294,45023,42678,57698,42616,9487,15961,11041,11902,37170,14753
014 Clinical Lab & Path,ASC,3420 SMH SURG TISSUE TYPING,118,103,223,236,88140,90215,34217,35060,33232,26163,985,8897,488,445,7436,6687,-6939,1765
014 Clinical Lab & Path,OBS,3000 SMH BLOOD BANK,1448,1100,5422,4253,1228191,963299,351004,298881,166686,120641,184317,178240,12354,9385,35993,28301,135971,140554
014 Clinical Lab & Path,OBS,3030 SMH HEMATOLOGY,26,33,123,195,23850,36806,5942,8954,2417,3977,3525,4977,328,489,802,1246,2396,3242
014 Clinical Lab & Path,OBS,3040 SMH MOLECULAR DIAGNOSTIC LAB,6,11,6,19,3005,9605,1016,3700,1000,2798,16,902,15,542,301,1178,-300,-817
014 Clinical Lab & Path,OBS,3060 SMH CLINICAL CHEM,13160,10454,130229,105668,4481099,3470972,1389659,1103131,420697,343896,968962,759235,340627,163862,184004,132247,444332,463127
014 Clinical Lab & Path,OBS,3070 SMH OP LAB - RIDGELAND,1206,601,1400,599,72315,28132,22366,8273,4178,1866,18188,6407,4693,1918,2179,914,11316,3574
014 Clinical Lab & Path,OBS,3150 SMH POINT-OF-CARE TESTING,381,265,544,259,26251,7186,11679,3013,22919,6745,-11240,-3732,0,0,4913,2059,-16153,-5792
014 Clinical Lab & Path,OBS,3160 SMH REFERENCE LAB,217,131,443,209,36052,25787,10652,10066,17638,8320,-6986,1745,959,290,2096,1072,-10041,383
014 Clinical Lab & Path,OBS,3180 SMH LSS-PHLEBOTOMY,9584,6758,18483,15009,166340,135046,54127,47033,235816,187148,-181689,-140115,60328,31548,54237,43911,-296255,-215574
014 Clinical Lab & Path,OBS,3200 SMH TOXICOLOGY LAB,635,533,730,609,112078,84934,31165,26646,13131,9285,18034,17360,4304,8112,5555,5479,8176,3769
014 Clinical Lab & Path,OBS,3220 SMH AP-AUTOPSY,9,6,15,12,10170,7050,4089,2390,4198,1884,-109,506,35,19,3275,2117,-3419,-1630
014 Clinical Lab & Path,OBS,3240 SMH AP-SURGPATH,513,414,1208,1124,294431,294324,124014,126058,27200,29828,96814,96230,2474,2615,12411,12846,81929,80770
014 Clinical Lab & Path,OBS,3260 SMH AP-CYTOPATH,22,18,81,68,15282,9871,4746,4236,2758,1426,1988,2810,277,154,814,483,897,2173
014 Clinical Lab & Path,OBS,3280 SMH AP-IMMUNOPATH,60,50,447,370,88405,61842,30994,23293,6898,4389,24096,18904,695,415,1985,1172,21416,17317
014 Clinical Lab & Path,OBS,3300 SMH AP-NEUROPATH,0,1,,12,,3120,,1837,,340,,1497,,16,,149,,1332
014 Clinical Lab & Path,OBS,3320 SMH BIO GENETICS LAB,1,4,1,4,74,288,38,114,40,136,-2,-22,6,14,23,47,-31,-83
014 Clinical Lab & Path,OBS,3330 SMH CYTOGENETICS LAB,13,16,55,97,27362,28439,12363,12713,16858,15624,-4494,-2912,344,6806,3335,4696,-8173,-14414
014 Clinical Lab & Path,OBS,3380 SMH MICROBIOLGY/ IMMUNOSR,4088,3236,13499,10361,1647204,1192626,469362,337391,275310,217568,194052,119823,58010,81368,67513,60675,68529,-22220
014 Clinical Lab & Path,OBS,3420 SMH SURG TISSUE TYPING,7,14,14,24,8116,12711,2932,4152,3029,3665,-97,488,44,62,678,937,-819,-511
014 Clinical Lab & Path,LAB,3000 SMH BLOOD BANK,20391,11777,81621,35796,8617107,8331300,1478286,1704729,1207337,1009926,270948,694803,89683,78566,261289,236915,-80025,379322
014 Clinical Lab & Path,LAB,3030 SMH HEMATOLOGY,3688,2584,18828,18540,3795126,3459415,1086909,1080953,376258,362057,710652,718896,51033,44562,124799,113395,534819,560939
014 Clinical Lab & Path,LAB,3040 SMH MOLECULAR DIAGNOSTIC LAB,1686,1598,2318,2120,1287996,1140594,340212,315307,430918,341960,-90705,-26653,6476,66185,129640,143915,-226821,-236753
014 Clinical Lab & Path,LAB,3060 SMH CLINICAL CHEM,382293,399832,894993,960078,46331056,47151591,10488387,10775693,4409769,4696785,6078618,6078908,3570471,2237954,1928746,1806172,579402,2034782
014 Clinical Lab & Path,LAB,3070 SMH OP LAB - RIDGELAND,378317,332464,1137182,971555,50476203,40727450,11915478,9403036,2917757,2705489,8997722,6697547,3277332,2780700,1521886,1325116,4198504,2591731
014 Clinical Lab & Path,LAB,3150 SMH POINT-OF-CARE TESTING,8940,11297,8842,11043,371104,421280,80487,100073,331251,406647,-250764,-306574,0,1,71002,124164,-321767,-430739
014 Clinical Lab & Path,LAB,3160 SMH REFERENCE LAB,49619,52786,100683,93829,9723715,11721788,1908298,2618435,5231094,4971747,-3322795,-2353312,284560,173444,621493,640735,-4228849,-3167491
014 Clinical Lab & Path,LAB,3180 SMH LSS-PHLEBOTOMY,552572,536994,627579,627670,5323523,5253523,1033212,1115059,7430909,7280318,-6397697,-6165259,1901028,1227252,1709099,1708207,-10007823,-9100718
014 Clinical Lab & Path,LAB,3200 SMH TOXICOLOGY LAB,110811,107785,104181,101637,12699522,11905029,2736707,2784255,948405,835818,1788302,1948437,310852,730206,401189,493224,1076261,725007
014 Clinical Lab & Path,LAB,3220 SMH AP-AUTOPSY,119,118,187,236,132052,138554,47116,52010,55542,37048,-8426,14962,463,373,43333,41640,-52221,-27051
014 Clinical Lab & Path,LAB,3240 SMH AP-SURGPATH,36186,33835,89808,101981,16184807,15705128,4763109,4460192,1584303,1401350,3178806,3058842,144110,122857,722894,603503,2311802,2332482
014 Clinical Lab & Path,LAB,3260 SMH AP-CYTOPATH,42413,35816,52795,49163,5681011,4916885,1630419,1445085,1188223,965285,442196,479800,119177,104110,350924,327057,-27905,48633
014 Clinical Lab & Path,LAB,3280 SMH AP-IMMUNOPATH,5562,5025,28779,29744,7519234,6695984,1938832,2056372,535281,479572,1403551,1576800,53895,45311,154073,128030,1195583,1403459
014 Clinical Lab & Path,LAB,3300 SMH AP-NEUROPATH,268,229,3305,2083,717218,439683,292949,183351,91992,51370,200957,131981,5138,2384,41063,22432,154756,107164
014 Clinical Lab & Path,LAB,3320 SMH BIO GENETICS LAB,1998,4997,3856,9311,240090,591331,46694,127468,130164,280349,-83470,-152881,18601,28728,74592,96660,-176664,-278268
014 Clinical Lab & Path,LAB,3330 SMH CYTOGENETICS LAB,1274,1332,6690,7277,1907005,1988971,428778,476915,1203297,1098747,-774519,-621832,24542,478637,238035,330251,-1037096,-1430720
014 Clinical Lab & Path,LAB,3360 SMH ENDO/RIA LAB,0,1,,1,,54,,15,,1,,14,,963,,4817,,-5766
014 Clinical Lab & Path,LAB,3380 SMH MICROBIOLGY/ IMMUNOSR,221341,205794,578835,545059,48517141,42254614,11513881,10304885,8017362,7708259,3496519,2596626,1689325,2882789,1966045,2149669,-158852,-2435833
014 Clinical Lab & Path,LAB,3420 SMH SURG TISSUE TYPING,1058,945,1628,1641,774572,862600,161839,192462,292310,250937,-130471,-58475,4290,4268,65408,64136,-200169,-126879
015 O.R./PeriOp Svcs,OUTPATIENT,4250 SMH OPERATING RMS -LABOR,2120,2367,2792,2365,995543,1086645,324364,428493,255058,252344,69306,176150,16881,17526,181036,142782,-128610,15842
015 O.R./PeriOp Svcs,OUTPATIENT,4260 SMH O.R.-MATERIALS,16,23,173,159,7907,10901,1173,4599,3514,4845,-2341,-246,0,0,0,0,-2341,-246
015 O.R./PeriOp Svcs,ASC,4250 SMH OPERATING RMS -LABOR,17851,16874,68151,30781,77925933,75989577,30604145,30298632,19191872,17479796,11412273,12818836,1262421,1214000,13699006,9959991,-3549154,1644844
015 O.R./PeriOp Svcs,ASC,4260 SMH O.R.-MATERIALS,14986,14172,379964,219197,32013796,26861783,12969588,10986552,14221372,11938536,-1251783,-951984,0,0,0,0,-1251783,-951984
015 O.R./PeriOp Svcs,ASC,4320 SMH PACU-RECOVERY,11133,12295,21772,12507,10190785,10776892,3917967,4279840,2472775,3730408,1445192,549432,433107,400637,814613,1061880,197473,-913085
015 O.R./PeriOp Svcs,ASC,4340 SMH AMBULATORY SURGERY CENTER,14944,14783,22076,15250,8267121,8551114,3283375,3481309,10799675,9850727,-7516301,-6369418,756628,584826,3700754,4267016,-11973683,-11221260
015 O.R./PeriOp Svcs,OBS,4250 SMH OPERATING RMS -LABOR,689,370,2588,695,2876751,3255053,1292681,1484934,670209,656677,622473,828257,44213,45607,496063,412981,82197,369668
015 O.R./PeriOp Svcs,OBS,4260 SMH O.R.-MATERIALS,481,323,17546,9732,985493,1017040,447089,476574,437997,452018,9092,24556,0,0,0,0,9092,24556
015 O.R./PeriOp Svcs,OBS,4320 SMH PACU-RECOVERY,242,315,389,316,261328,321769,117670,144785,64031,111230,53640,33555,11226,11946,21112,31662,21302,-10053
015 O.R./PeriOp Svcs,OBS,4340 SMH AMBULATORY SURGERY CENTER,18,11,20,11,15924,7189,7277,2839,20429,8199,-13152,-5360,1432,487,7001,3551,-21584,-9398
015a ASC - Sawgrass,OUTPATIENT,4330 SMH ASC - SAWGRASS,1243,1420,7527,3271,3222872,3370439,1324892,1578974,765389,790952,559503,788022,50978,56740,189521,199454,319004,531828
015a ASC - Sawgrass,ASC,4330 SMH ASC - SAWGRASS,10668,10589,600360,256788,80358619,75072007,37136090,35597525,26025567,24618323,11110523,10979202,1403459,1296337,5217382,4556878,4489682,5125986
015a ASC - Sawgrass,OBS,4330 SMH ASC - SAWGRASS,5,3,323,109,59359,37080,24160,9839,21380,15003,2780,-5164,991,676,3684,2378,-1895,-8218
015b ASC - Strong West,OUTPATIENT,4350 SMH STRONG WEST ASC,1198,422,4381,1289,4037931,1469159,1551582,654493,1010893,652963,540689,1530,159475,126522,883945,356413,-502732,-481405
015b ASC - Strong West,ASC,4350 SMH STRONG WEST ASC,763,451,26424,9972,4491318,2464703,2023602,1091370,1558919,1277450,464684,-186080,186395,212251,1033156,597909,-754867,-996240
017 Anesthesiology,OUTPATIENT,6580 SMH PAIN TREAT CENTER,6540,4989,43523,35768,9534325,7072300,2980240,2670403,2311721,1760830,668519,909572,256311,249584,469846,350203,-57638,309785
017 Anesthesiology,ASC,6580 SMH PAIN TREAT CENTER,0,1,,0,,0,,0,,0,,0,,0,,0,,0
018 Dentistry,OUTPATIENT,6480 SMH OPD-DENTISTRY,2727,2289,20824,11388,1494536,1400706,509968,562534,813945,814726,-303977,-252192,757482,703648,460874,468454,-1522332,-1424294
018 Dentistry,OUTPATIENT,6481 SMH ACC DENTAL CLINIC,2,0,5,,1755,,89,,0,,89,,0,,0,,89,
018 Dentistry,ASC,6480 SMH OPD-DENTISTRY,2,9,1,14,150,638,30,293,83,373,-53,-79,77,322,47,214,-177,-615
018 Dentistry,OBS,6480 SMH OPD-DENTISTRY,45,27,124,112,16053,11949,4863,2528,8810,6879,-3947,-4351,8219,5941,5002,3955,-17168,-14247
019 Dermatology,OUTPATIENT,6520 SMH OPD-DERMATOLOGY,0,934,,1184,,328636,,103968,,234565,,-130597,,272,,422193,,-553062
019 Dermatology,OUTPATIENT,6521 SMH DERMATOLOGY COLLEGE TOWN SURGERY,54,0,115,,37405,,18910,,13218,,5693,,1789,,2319,,1584,
019 Dermatology,OUTPATIENT,6522 SMH DERMATOLOGY RED CREEK SURGERY,26,0,83,,56099,,13614,,11434,,2180,,2563,,2132,,-2515,
019 Dermatology,OUTPATIENT,6523 SMH DERMATOLOGY RED CREEK GENERAL,105,0,157,,21072,,4204,,7540,,-3336,,1230,,1399,,-5965,
019 Dermatology,OUTPATIENT,6524 SMH DERMATOLOGY BROCKPORT,37,0,98,,11007,,2325,,4999,,-2674,,572,,911,,-4157,
020 Dialysis,OUTPATIENT,1821 SMH INPATIENT DIALYSIS,35,95,35,95,39067,102515,6635,22672,4039,13439,2596,9233,2,352,1364,8309,1231,572
020 Dialysis,OUTPATIENT,4520 SMH SMH DIALYSIS,11,0,11,,12815,,5794,,2895,,2899,,145,,3369,,-615,
020 Dialysis,ASC,1821 SMH INPATIENT DIALYSIS,11,19,11,24,12205,26056,4142,6437,1269,3395,2873,3042,1,89,429,2099,2443,854
020 Dialysis,ASC,4520 SMH SMH DIALYSIS,8,0,12,,24600,,8787,,5557,,3230,,278,,6467,,-3515,
020 Dialysis,OBS,1821 SMH INPATIENT DIALYSIS,442,585,519,649,586399,702830,146188,179141,60417,92456,85772,86685,27,2422,20399,57162,65346,27101
020 Dialysis,OBS,4520 SMH SMH DIALYSIS,267,0,313,,383230,,116037,,86575,,29462,,4326,,100752,,-75616,
021 Occ Med,OUTPATIENT,6410 SMH OPD-OCC MED,5330,5520,5977,6254,391198,396882,326672,272120,433086,605937,-106414,-333816,179,206,124062,165788,-230655,-499810
021 Occ Med,OBS,6410 SMH OPD-OCC MED,1,0,1,,52,,11,,57,,-46,,0,,16,,-63,
022 Ophthalmology,OUTPATIENT,6420 SMH OPD-EYE,20916,19646,62298,53843,21547240,19554210,7844681,7825821,7512648,6217206,332033,1608615,928034,862836,2386183,2106897,-2982185,-1361118
022 Ophthalmology,ASC,6420 SMH OPD-EYE,31,29,40,42,12670,11420,5090,4435,3921,3580,1169,855,934,497,2402,1213,-2167,-854
022 Ophthalmology,OBS,6420 SMH OPD-EYE,8,3,12,3,2051,794,549,306,715,255,-166,52,171,35,439,86,-775,-70
023 Respiratory Care,OUTPATIENT,4380 SMH RESPIRATORY THERAPY,212,174,1008,882,78911,56769,17386,17055,11565,9141,5821,7913,0,0,3701,2922,2120,4992
023 Respiratory Care,ASC,4380 SMH RESPIRATORY THERAPY,253,245,798,847,110081,100704,38207,36491,16404,16271,21803,20219,0,0,5250,5200,16554,15019
023 Respiratory Care,OBS,4380 SMH RESPIRATORY THERAPY,441,333,1824,1362,256063,171758,77941,50544,38287,27608,39654,22937,0,0,12254,8823,27400,14113
024 Urology,OUTPATIENT,4360 SMH LITHOTRIPSY PROGRAM,1,2,1,1,10647,9208,2900,95,1002,744,1898,-649,310,264,370,269,1218,-1182
024 Urology,OUTPATIENT,6460 SMH OPD-UROLOGY,3009,2067,4961,2638,3799434,3264980,1589846,1411271,568201,420270,1021645,991001,86479,82296,673873,581410,261293,327295
024 Urology,ASC,4360 SMH LITHOTRIPSY PROGRAM,673,779,743,994,5776169,6274264,2623891,2850915,507827,493098,2116064,2357816,157367,175078,187525,178201,1771173,2004537
024 Urology,ASC,6460 SMH OPD-UROLOGY,12,1,13,1,40616,135,17090,8,6238,17,10852,-10,959,3,7477,24,2416,-37
024 Urology,OBS,4360 SMH LITHOTRIPSY PROGRAM,5,0,5,,51966,,24598,,4889,,19709,,1515,,1806,,16388,
024 Urology,OBS,6460 SMH OPD-UROLOGY,4,0,6,,6590,,2178,,970,,1208,,149,,1162,,-103,
025 Other,OUTPATIENT,4490 SMH MEMEORY CARE PROGRAM,578,647,1135,1524,252251,325633,93050,104895,141453,190097,-48402,-85202,9,6,17535,25661,-65946,-110870
025 Other,OUTPATIENT,4720 SMH OPO ORGANS,1,0,0,,0,,0,,0,,0,,0,,0,,0,
025 Other,OUTPATIENT,6550 SMH SLEEP LAB,11304,11671,18903,23431,9655415,9966418,3306036,3579710,3876170,3530788,-570134,48922,7753,7850,720196,677054,-1298083,-635982
025 Other,OUTPATIENT,6640 SMH NUTRITIONAL SUPPORT SVC,165,120,339,173,61085,58003,14343,21764,70945,11745,-56601,10019,40,49,10226,2629,-66867,7342
025 Other,OUTPATIENT,6900 SMH SCHOOL BASED HEALTH PROGRAM,4050,0,34324,,1277993,,391738,,593038,,-201300,,0,,332,,-201632,
025 Other,ASC,6550 SMH SLEEP LAB,2,0,3,,737,,315,,330,,-15,,1,,61,,-77,
025 Other,ASC,6640 SMH NUTRITIONAL SUPPORT SVC,18,20,17,68,2697,10480,935,3849,3163,2100,-2229,1749,2,9,456,470,-2687,1270
025 Other,OBS,6550 SMH SLEEP LAB,1,0,2,,225,,41,,93,,-52,,0,,17,,-70,
025 Other,OBS,6640 SMH NUTRITIONAL SUPPORT SVC,10,37,14,123,2220,18804,533,6144,2612,3799,-2079,2345,1,16,376,850,-2457,1479
026 Nursing Units,OUTPATIENT,1100 SMH NS 1-9200 BEHAVIORAL MED SURG UNIT,1,0,0,,0,,0,,0,,0,,0,,0,,0,
026 Nursing Units,OUTPATIENT,1351 SMH NS CH 3 NICU,28,1,15675,0,13319,0,483,0,3102,0,-2619,0,223,0,1005,0,-3847,0
026 Nursing Units,OUTPATIENT,1530 SMH 5-1600 CEP,3,0,3,,6165,,2965,,1276,,1688,,106,,478,,1104,
026 Nursing Units,OUTPATIENT,1700 SMH 7-1200 MED/SURG,1,0,3,,1946,,430,,756,,-326,,261,,414,,-1001,
026 Nursing Units,OUTPATIENT,1730 SMH 7-3400 MED/SURG,1,0,47,,2799,,618,,634,,-15,,107,,318,,-440,
026 Nursing Units,ASC,1100 SMH NS 1-9200 BEHAVIORAL MED SURG UNIT,1,0,3,,0,,0,,0,,0,,0,,0,,0,
026 Nursing Units,ASC,1420 SMH 4-2800 PEDS CARDIAC ICU,5,30,5,30,7350,43330,3328,18024,2555,13711,773,4313,1014,1983,3675,7160,-3915,-4830
026 Nursing Units,ASC,1421 SMH NS CH 6S,38,0,47,,63179,,24401,,17483,,6918,,8,,6952,,-43,
026 Nursing Units,ASC,1430 SMH 4-1600 PEDIATRICS,81,255,91,267,115185,370580,44424,164051,48980,181923,-4557,-17872,10798,78195,33357,161139,-48712,-257207
026 Nursing Units,ASC,1440 SMH 4-3600 PEDIATRICS,258,392,1179,412,394384,581620,154231,238662,140088,223640,14143,15022,33188,41004,93560,124695,-112605,-150677
026 Nursing Units,ASC,1450 SMH 4-1800 PEDIATRICS ICU (PICU) (prev. 4-2800),28,73,31,76,42630,108430,15576,41412,36504,39079,-20927,2333,10692,5004,19891,15291,-51511,-17961
026 Nursing Units,ASC,1451 SMH NS CH 6N,20,0,28,,35474,,11712,,10676,,1036,,5,,4172,,-3141,
026 Nursing Units,ASC,1470 SMH 4-3400 MED/SURG,21,20,34,21,31833,27230,9879,8782,12761,10559,-2882,-1777,3619,2933,7094,6764,-13595,-11474
026 Nursing Units,ASC,1510 SMH 5-1400 MED/SURG UNIT,109,43,377,60,162236,71960,56462,27543,99339,34535,-42877,-6991,21529,4708,47979,17332,-112385,-29031
026 Nursing Units,ASC,1540 SMH 5-1600 MED/SURG,11,11,18,13,26610,18830,10212,7747,14547,6006,-4335,1741,5857,2506,8720,4283,-18912,-5048
026 Nursing Units,ASC,1550 SMH 5-3400 MED/SURG UNIT,78,75,371,118,187744,147140,60895,48492,68268,51342,-7373,-2850,14455,10859,38266,33389,-60094,-47098
026 Nursing Units,ASC,1560 SMH 5-3600 MED/SURG,52,41,129,51,87150,51380,37317,21580,31158,16173,6159,5406,13289,9341,16081,10230,-23211,-14165
026 Nursing Units,ASC,1600 SMH 6-1600 MED/SURG,3,6,3,15,3015,20440,1002,4796,1207,8109,-205,-3313,193,1326,592,4535,-989,-9175
026 Nursing Units,ASC,1610 SMH 6-1400 MED/SURG,2,0,19,,4075,,1183,,2052,,-868,,292,,970,,-2130,
026 Nursing Units,ASC,1620 SMH 6-3400 MED/SURG,1,1,4,1,5880,1470,383,177,2296,549,-1912,-372,374,94,1209,339,-3495,-805
026 Nursing Units,ASC,1630 SMH 6-3600 MED/SURG,2,58,2,76,0,102760,0,37152,0,40941,0,-3788,0,14168,0,25138,0,-43095
026 Nursing Units,ASC,1640 SMH 6-1200 MED/SURG,5,4,7,12,8895,17010,1594,7899,4778,9120,-3184,-1221,583,1155,1871,4159,-5638,-6534
026 Nursing Units,ASC,1700 SMH 7-1200 MED/SURG,69,119,283,148,112407,196630,41897,70366,42354,75396,-456,-5030,14666,23608,23210,46511,-38333,-75149
026 Nursing Units,ASC,1710 SMH 7-1400 MED/SURG,127,341,412,367,198740,517720,73718,219193,42769,112929,30949,106264,8523,21923,24126,69321,-1701,15019
026 Nursing Units,ASC,1720 SMH 7-1600 MED/SURG,1,2,1,2,1470,2870,349,1662,591,1258,-241,404,23,48,182,398,-447,-42
026 Nursing Units,ASC,1730 SMH 7-3400 MED/SURG,7,3,45,4,8491,5740,3876,2299,1846,1219,2030,1080,312,207,926,694,792,178
026 Nursing Units,ASC,1740 SMH 7-3600 MED/SURG,20,16,54,17,30452,20230,10269,7954,13246,10087,-2977,-2133,2414,1569,7021,5304,-12412,-9007
026 Nursing Units,ASC,1820 SMH 8-3400 MED/SURG,1,1,1,1,1470,1400,167,751,448,432,-281,318,22,23,162,178,-465,117
026 Nursing Units,ASC,1830 SMH NS 8-1400 SWING UNIT,1,1,0,1,0,1400,0,246,0,472,0,-226,0,39,0,190,0,-455
026 Nursing Units,ASC,1840 SMH 3-2800 BURN TRAUMA STEPDOWN,4,2,10,2,6120,2800,2667,738,2656,1096,11,-359,325,128,1103,514,-1418,-1000
026 Nursing Units,ASC,1850 SMH 3-1800 AICU (ADULT ICU),1,0,4,,3105,,1925,,1041,,884,,123,,404,,357,
026 Nursing Units,OBS,1100 SMH NS 1-9200 BEHAVIORAL MED SURG UNIT,213,339,5155,908,986174,1084860,190639,226198,510775,580160,-320136,-353962,42145,47422,235410,300999,-597690,-702383
026 Nursing Units,OBS,1300 SMH BIRTH CENTER 3-1600 3-3600,42,38,271,41,30893,25808,11371,12542,11863,9285,-492,3258,3184,2303,7455,6684,-11131,-5730
026 Nursing Units,OBS,1310 SMH HIGH RISK OB/DELIVERY,353,374,3171,417,466516,376110,188311,171266,158292,129084,30019,42183,50759,39939,144709,146319,-165449,-144075
026 Nursing Units,OBS,1320 SMH OB/GYN,3434,3386,15972,14826,4103007,5462346,1367971,1859312,770470,892238,597501,967074,25047,29182,356647,461763,215807,476129
026 Nursing Units,OBS,1351 SMH NS CH 3 NICU,0,1,,1,,1400,,751,,316,,435,,19,,112,,304
026 Nursing Units,OBS,1420 SMH 4-2800 PEDS CARDIAC ICU,0,5,,6,,8680,,5435,,2740,,2695,,396,,1431,,868
026 Nursing Units,OBS,1421 SMH NS CH 6S,82,0,178,,112364,,48237,,31236,,17001,,15,,12416,,4571,
026 Nursing Units,OBS,1430 SMH 4-1600 PEDIATRICS,41,99,52,124,59400,136990,13105,50145,24889,67366,-11784,-17221,5487,28956,16950,59670,-34221,-105846
026 Nursing Units,OBS,1440 SMH 4-3600 PEDIATRICS,97,135,820,200,165029,250040,51508,55571,58559,96344,-7051,-40773,13872,17665,39109,53719,-60033,-112157
026 Nursing Units,OBS,1450 SMH 4-1800 PEDIATRICS ICU (PICU) (prev. 4-2800),9,9,12,10,17640,7000,4183,702,15055,2568,-10873,-1867,4410,329,8204,1005,-23486,-3201
026 Nursing Units,OBS,1451 SMH NS CH 6N,54,0,94,,75881,,28557,,22734,,5823,,10,,8909,,-3097,
026 Nursing Units,OBS,1460 SMH 4-1200 PALLIATIVE CARE UNIT,5,3,45,7,4013,8610,696,2602,1832,3882,-1137,-1279,293,599,1087,2547,-2517,-4426
026 Nursing Units,OBS,1470 SMH 4-3400 MED/SURG,63,64,695,105,109302,125510,29172,30360,43948,48902,-14775,-18542,12469,13583,24455,31328,-51700,-63453
026 Nursing Units,OBS,1510 SMH 5-1400 MED/SURG UNIT,79,120,944,404,156908,472990,48202,95581,94356,233843,-46154,-138261,20458,31878,45598,117358,-112211,-287498
026 Nursing Units,OBS,1530 SMH 5-1600 CEP,58,11,1412,13,142857,38700,43907,15284,30012,11398,13895,3886,2486,932,11241,5051,168,-2097
026 Nursing Units,OBS,1540 SMH 5-1600 MED/SURG,62,137,132,243,131010,245070,29914,61703,68175,78684,-38261,-16981,27444,32835,40861,56110,-106567,-105926
026 Nursing Units,OBS,1550 SMH 5-3400 MED/SURG UNIT,55,79,1142,187,187244,233170,41674,46493,67944,81130,-26270,-34637,14386,17160,38088,52760,-78745,-104557
026 Nursing Units,OBS,1560 SMH 5-3600 MED/SURG,66,89,1128,165,149232,222600,43470,58372,53212,69418,-9742,-11046,22699,40094,27467,43910,-59908,-95050
026 Nursing Units,OBS,1600 SMH 6-1600 MED/SURG,102,110,3036,316,576541,396970,164477,89942,236545,159088,-72068,-69146,37721,26020,115957,88963,-225747,-184129
026 Nursing Units,OBS,1610 SMH 6-1400 MED/SURG,61,84,830,210,201487,245840,46397,53691,93376,93052,-46980,-39361,13313,16336,44170,58699,-104463,-114396
026 Nursing Units,OBS,1620 SMH 6-3400 MED/SURG,98,94,1036,199,221269,255500,48091,56560,87573,98210,-39482,-41649,14253,16872,46106,60643,-99841,-119164
026 Nursing Units,OBS,1630 SMH 6-3600 MED/SURG,82,84,2716,182,642709,237090,185241,52647,245332,92002,-60091,-39354,75463,31839,135812,56491,-271366,-127684
026 Nursing Units,OBS,1640 SMH 6-1200 MED/SURG,78,124,2331,393,499381,510230,100429,180539,271975,271281,-171546,-90742,33154,34341,106501,123698,-311201,-248781
026 Nursing Units,OBS,1700 SMH 7-1200 MED/SURG,63,94,779,148,134975,195300,43297,56812,50124,74175,-6827,-17363,17363,23225,27474,45758,-51664,-86346
026 Nursing Units,OBS,1710 SMH 7-1400 MED/SURG,53,45,624,56,87082,54320,23662,12537,19273,11824,4389,713,3838,2295,10871,7258,-10320,-8841
026 Nursing Units,OBS,1730 SMH 7-3400 MED/SURG,24,10,278,16,34606,17010,7689,4196,7567,3659,121,537,1279,622,3794,2082,-4952,-2168
026 Nursing Units,OBS,1740 SMH 7-3600 MED/SURG,13,28,38,48,14802,62720,3562,17262,6307,31616,-2745,-14354,1150,4919,3343,16624,-7238,-35897
026 Nursing Units,OBS,1820 SMH 8-3400 MED/SURG,0,2,,2,,1400,,298,,432,,-134,,23,,178,,-335
026 Nursing Units,OBS,1830 SMH NS 8-1400 SWING UNIT,2,3,2,4,3090,2870,568,439,1064,941,-496,-502,108,78,395,380,-999,-960
026 Nursing Units,OBS,1840 SMH 3-2800 BURN TRAUMA STEPDOWN,2,7,16,11,2323,15680,687,6986,1006,6119,-319,867,123,712,418,2870,-860,-2715
026 Nursing Units,OBS,1850 SMH 3-1800 AICU (ADULT ICU),2,0,2,,0,,0,,0,,0,,0,,0,,0,
026 Nursing Units,OBS,1860 SMH 8-1600 MEDICAL ICU,2,0,84,,10734,,3176,,3895,,-719,,144,,1419,,-2282,
026 Nursing Units,OBS,1900 SMH CLINICAL RESEARCH,4,0,14,,9790,,660,,2640,,-1980,,724,,848,,-3552,
027 Primary Care,OUTPATIENT,2300 SMH PC CLINTON CROSSINGS 110,2106,2012,3382,3559,281331,290281,170236,159828,230042,223718,-59806,-63890,32586,32266,29796,31997,-122188,-128153
027 Primary Care,OUTPATIENT,2310 SMH PC CLINTON MED ASSOC,2489,2452,3462,3462,322662,327295,211366,179608,270824,284000,-59458,-104392,37192,36496,35322,40119,-131971,-181007
027 Primary Care,OUTPATIENT,2320 SMH PC EASTSIDE INT MED,2240,1889,3267,2973,304205,266457,108422,162630,236910,213209,-128487,-50579,36195,29041,32873,32081,-197556,-111701
027 Primary Care,OUTPATIENT,2330 SMH PC GATES,2000,2412,2852,3450,262206,319529,98496,192325,214759,230035,-116263,-37710,31292,35065,29901,35500,-177456,-108275
027 Primary Care,OUTPATIENT,2340 SMH PC OLSAN,3431,3372,5000,5032,455820,457664,294163,251943,359629,328394,-65466,-76450,53243,50375,46555,46144,-165264,-172969
027 Primary Care,OUTPATIENT,2350 SMH PC PANORAMA,2509,2421,3362,3383,313631,317526,120868,192595,257434,237482,-136566,-44887,36663,34423,34216,34225,-207444,-113535
027 Primary Care,OUTPATIENT,2360 SMH PC PULSIFER,1998,2067,2740,2974,261179,282086,168432,159105,220391,209459,-51959,-50354,31579,30299,28618,29690,-112156,-110343
027 Primary Care,OUTPATIENT,2370 SMH PC RIMA,1399,1393,1961,1905,183726,176699,66859,44968,159907,145298,-93048,-100330,21118,19409,20783,20407,-134950,-140146
027 Primary Care,OUTPATIENT,2380 SMH PC SOUTHVIEW,2191,2147,3266,2988,278094,284211,106254,170276,227802,213495,-121548,-43219,33203,30857,30680,31181,-185432,-105257
027 Primary Care,OUTPATIENT,2390 SMH PC TWELVE CORNERS,1062,716,1534,1195,142602,99093,54872,19760,126575,90498,-71703,-70738,17321,10599,16807,13315,-105831,-94652
027 Primary Care,OUTPATIENT,2400 SMH PC CANALSIDE,1052,1017,3591,2556,154444,142257,84213,68082,130236,121160,-46023,-53078,19273,15370,17803,17961,-83099,-86409
027 Primary Care,OUTPATIENT,2410 SMH PC MANHATTAN SQ FAM MED,1238,1005,3617,3185,189876,148784,75867,78305,135273,132417,-59406,-54112,24016,15389,20619,20538,-104041,-90040
027 Primary Care,OUTPATIENT,2420 SMH PC MEDICAL ASSOC OF HENRIETTA,1698,1281,2163,2100,219576,183394,134922,84632,194622,142550,-59700,-57919,27300,20249,27975,23421,-114975,-101588
027 Primary Care,OUTPATIENT,2430 SMH PC NORTH PONDS FAMILY MEDICINE,878,764,1588,1580,124767,117916,75404,51306,103337,99119,-27933,-47813,14099,12916,15195,16338,-57228,-77067
027 Primary Care,OUTPATIENT,2440 SMH PC BROCKPORT MED,1350,1310,1921,2076,204126,212136,109789,98237,137888,127285,-28099,-29047,46365,46973,29830,25181,-104294,-101201
027 Primary Care,OUTPATIENT,2450 SMH GENESEE FAMILY MEDICINE,1542,1430,2712,2087,218312,198714,79167,82832,180122,128612,-100955,-45780,24946,20870,26871,21576,-152772,-88226
027 Primary Care,OUTPATIENT,2460 SMH INTERNAL MEDICINE LAKESIDE,1031,1024,1491,1587,133981,145195,89894,79125,126939,132342,-37045,-53217,14893,16258,82610,39014,-134548,-108489
027 Primary Care,OUTPATIENT,2470 SMH MED ASSOC PENFIELD YMCA,720,483,1686,673,92180,68309,53163,39592,100460,75686,-47297,-36095,11871,7734,14550,12340,-73717,-56169
027 Primary Care,OUTPATIENT,2500 SMH PC BUSHNELL'S BASIN,877,108,1409,145,134691,14701,46734,8395,114778,4506,-68045,3890,14889,1018,15214,762,-98148,2109
027 Primary Care,ASC,2400 SMH PC CANALSIDE,1,0,1,,130,,25,,109,,-84,,16,,15,,-115,
027 Primary Care,ASC,2410 SMH PC MANHATTAN SQ FAM MED,1,0,1,,130,,22,,92,,-70,,16,,14,,-101,
027 Primary Care,OBS,2300 SMH PC CLINTON CROSSINGS 110,1,0,0,,0,,0,,0,,0,,0,,0,,0,
027 Primary Care,OBS,2340 SMH PC OLSAN,1,0,1,,130,,39,,104,,-65,,15,,13,,-93,
027 Primary Care,OBS,2360 SMH PC PULSIFER,2,0,2,,260,,80,,222,,-142,,32,,29,,-203,
027 Primary Care,OBS,2470 SMH MED ASSOC PENFIELD YMCA,1,0,1,,90,,10,,101,,-91,,12,,15,,-117,
No Summary Groups,OUTPATIENT,9960 PAO MISC.,1,54,1,74,149,1376,69,534,0,0,69,534,,,,,69,534
No Summary Groups,OUTPATIENT,9980 S.O.N. CLINIC,1277,5208,3120,38421,366093,1593934,165184,562793,0,0,165184,562793,,,,,165184,562793
No Summary Groups,ASC,9960 PAO MISC.,44,59,86,117,12814,17273,3669,5286,0,0,3669,5286,,,,,3669,5286
No Summary Groups,OBS,9960 PAO MISC.,1492,2430,2797,4428,416753,653104,155759,252742,0,0,155759,252742,,,,,155759,252742
